issued_date,issued_qty,project_name,supplier,methodology,durability,project_url,project_id,page_number,source_url
01 Jun 2026,12078,"Exomad Green, Concepción",Exomad SRL,"Biochar, 2022",100+ years,https://registry.puro.earth/projects/432524,432524,1,https://registry.puro.earth/issuances
28 May 2026,597,Bio-Logical Mt Kenya Biochar Project,Bio-Logical,"Biochar, 2022",100+ years,https://registry.puro.earth/projects/664457,664457,1,https://registry.puro.earth/issuances
26 May 2026,2901,"ReGenerate Livermore Falls, LLC","ReGenerate Livermore Falls, LLC","Biochar, 2022",100+ years,https://registry.puro.earth/projects/470748,470748,1,https://registry.puro.earth/issuances
21 May 2026,61822,Gevo North Dakota,Net-Zero Richardton LLC,Geologically stored carbon,1000+ years,https://registry.puro.earth/projects/353054,353054,1,https://registry.puro.earth/issuances
15 May 2026,1110,Charles Ingram Lumber Company,S.J. Smoke Enterprises,"Biochar, 2022",100+ years,https://registry.puro.earth/projects/973037,973037,1,https://registry.puro.earth/issuances
08 May 2026,2893,Leeds Production Facility,O.C.O Technology Limited,Carbonated Materials,1000+ years,https://registry.puro.earth/projects/625222,625222,1,https://registry.puro.earth/issuances
08 May 2026,717,Leeds Production Facility,O.C.O Technology Limited,Carbonated Materials,1000+ years,https://registry.puro.earth/projects/625222,625222,1,https://registry.puro.earth/issuances
07 May 2026,10068,"Exomad Green, Riberalta",Exomad SRL,"Biochar, 2022",100+ years,https://registry.puro.earth/projects/292788,292788,1,https://registry.puro.earth/issuances
30 Apr 2026,10163,"Exomad Green, Concepción",Exomad SRL,"Biochar, 2022",100+ years,https://registry.puro.earth/projects/432524,432524,1,https://registry.puro.earth/issuances
30 Apr 2026,2506,Wakefield Biochar Facility 4,Accend AS,"Biochar, 2022",100+ years,https://registry.puro.earth/projects/517437,517437,1,https://registry.puro.earth/issuances
29 Apr 2026,69,East Dundee Biochar Facility,The Davey Tree Expert Company,"Biochar, 2022",100+ years,https://registry.puro.earth/projects/435899,435899,2,https://registry.puro.earth/issuances
24 Apr 2026,1575,Avonmouth Production Facility,O.C.O Technology Limited,Carbonated Materials,1000+ years,https://registry.puro.earth/projects/756292,756292,2,https://registry.puro.earth/issuances
22 Apr 2026,2260,Truecoco Ghana Ltd,Truecoco Ghana Ltd,"Biochar, 2022",100+ years,https://registry.puro.earth/projects/816220,816220,2,https://registry.puro.earth/issuances
22 Apr 2026,918,Jiaxing Tongao Biochar Plant,"Climate Future Co., Ltd.","Biochar, 2022",100+ years,https://registry.puro.earth/projects/554214,554214,2,https://registry.puro.earth/issuances
17 Apr 2026,88,Carbonity Biochar Production Canada,First Climate (Switzerland) AG,"Biochar, 2022",100+ years,https://registry.puro.earth/projects/145827,145827,2,https://registry.puro.earth/issuances
13 Apr 2026,4,R3,Carbo Culture Inc,"Biochar, 2022",100+ years,https://registry.puro.earth/projects/969347,969347,2,https://registry.puro.earth/issuances
01 Apr 2026,10835,"Exomad Green, Riberalta",Exomad SRL,"Biochar, 2022",100+ years,https://registry.puro.earth/projects/292788,292788,2,https://registry.puro.earth/issuances
31 Mar 2026,46433,Aperam BioEnergia,Aperam Bioenergia Ltda,"Biochar, 2022",100+ years,https://registry.puro.earth/projects/175613,175613,2,https://registry.puro.earth/issuances
30 Mar 2026,60,SEEK Biochar in Shanghai,Climate Bridge (Shanghai) Ltd.,"Biochar, 2022",100+ years,https://registry.puro.earth/projects/469599,469599,2,https://registry.puro.earth/issuances
30 Mar 2026,1049,Dragonfly,Tivano AG,Terrestrial Storage of Biomass,100+ years,https://registry.puro.earth/projects/846201,846201,2,https://registry.puro.earth/issuances
30 Mar 2026,11082,"Exomad Green, Concepción",Exomad SRL,"Biochar, 2022",100+ years,https://registry.puro.earth/projects/432524,432524,3,https://registry.puro.earth/issuances
26 Mar 2026,253,Enhanced Rock Weathering - Smallholder farmers in India,Varaha ClimateAg,"Enhanced Rock Weathering, 2022",1000+ years,https://registry.puro.earth/projects/442197,442197,3,https://registry.puro.earth/issuances
23 Mar 2026,10220,"Exomad Green, Riberalta",Exomad SRL,"Biochar, 2022",100+ years,https://registry.puro.earth/projects/292788,292788,3,https://registry.puro.earth/issuances
20 Mar 2026,1396,Farm Gai Kaisa 159,Planboo Eco AB,"Biochar, 2022",100+ years,https://registry.puro.earth/projects/226049,226049,3,https://registry.puro.earth/issuances
13 Mar 2026,340,Foundation 1,Arukah Capital Pte Ltd,"Biochar, 2022",100+ years,https://registry.puro.earth/projects/526866,526866,3,https://registry.puro.earth/issuances
06 Mar 2026,871,Sem-Chi Rice Products Corp. CDR Facility #1,Sem-Chi Rice Products Corp.,"Biochar, 2022",100+ years,https://registry.puro.earth/projects/593074,593074,3,https://registry.puro.earth/issuances
05 Mar 2026,106,Guaicaramo,Sirius Regenerative Solutions,"Biochar, 2022",100+ years,https://registry.puro.earth/projects/389138,389138,3,https://registry.puro.earth/issuances
05 Mar 2026,1015,Tierra Prieta - Parras,"Carbon Removal Solutions, Inc (dba Tierra Prieta)","Biochar, 2022",100+ years,https://registry.puro.earth/projects/705515,705515,3,https://registry.puro.earth/issuances
26 Feb 2026,11671,"Exomad Green, Concepción",Exomad SRL,"Biochar, 2022",100+ years,https://registry.puro.earth/projects/432524,432524,3,https://registry.puro.earth/issuances
10 Feb 2026,5068,"Exomad Green, Riberalta",Exomad SRL,"Biochar, 2022",100+ years,https://registry.puro.earth/projects/292788,292788,3,https://registry.puro.earth/issuances
06 Feb 2026,668,SCG,SCG Cement,"Biochar, 2022",100+ years,https://registry.puro.earth/projects/133972,133972,4,https://registry.puro.earth/issuances
04 Feb 2026,850,La Veta,Wood Cache PBC,Terrestrial Storage of Biomass,100+ years,https://registry.puro.earth/projects/530211,530211,4,https://registry.puro.earth/issuances
02 Feb 2026,3714,"Exomad Green, Concepción",Exomad SRL,"Biochar, 2022",100+ years,https://registry.puro.earth/projects/432524,432524,4,https://registry.puro.earth/issuances
30 Jan 2026,1768,Four Bordet,Carbonapp,"Biochar, 2022",100+ years,https://registry.puro.earth/projects/619736,619736,4,https://registry.puro.earth/issuances
30 Jan 2026,82,Mammoth,Climeworks AG,"Geologically stored carbon, 2024",1000+ years,https://registry.puro.earth/projects/417791,417791,4,https://registry.puro.earth/issuances
30 Jan 2026,205,Orca plant,Climeworks AG,Geologically stored carbon,1000+ years,https://registry.puro.earth/projects/631817,631817,4,https://registry.puro.earth/issuances
28 Jan 2026,4900,"Exomad Green, Riberalta",Exomad SRL,"Biochar, 2022",100+ years,https://registry.puro.earth/projects/292788,292788,4,https://registry.puro.earth/issuances
23 Jan 2026,856,Carbofex Nokia 1,Carbofex Oy,"Biochar, 2022",100+ years,https://registry.puro.earth/projects/507468,507468,4,https://registry.puro.earth/issuances
23 Jan 2026,1548,Truecoco Ghana Ltd,Truecoco Ghana Ltd,"Biochar, 2022",100+ years,https://registry.puro.earth/projects/816220,816220,4,https://registry.puro.earth/issuances
23 Jan 2026,6576,"Exomad Green, Concepción",Exomad SRL,"Biochar, 2022",100+ years,https://registry.puro.earth/projects/432524,432524,4,https://registry.puro.earth/issuances
22 Jan 2026,4277,Mast Wood Preserve MT1,Mast Reforestation,Terrestrial Storage of Biomass,100+ years,https://registry.puro.earth/projects/272514,272514,5,https://registry.puro.earth/issuances
31 Dec 2025,125,Karbonetiq Contrecoeur,Karbonetiq Inc,Carbonated Materials,1000+ years,https://registry.puro.earth/projects/832026,832026,5,https://registry.puro.earth/issuances
31 Dec 2025,104,Walsenburg Facility,Wood Cache PBC,Terrestrial Storage of Biomass,100+ years,https://registry.puro.earth/projects/452184,452184,5,https://registry.puro.earth/issuances
30 Dec 2025,361,Carbon Hill,Accend AS,"Biochar, 2022",100+ years,https://registry.puro.earth/projects/712033,712033,5,https://registry.puro.earth/issuances
30 Dec 2025,845,OBIO Rudshøgda,Accend AS,"Biochar, 2022",100+ years,https://registry.puro.earth/projects/727586,727586,5,https://registry.puro.earth/issuances
30 Dec 2025,7744,"Exomad Green, Riberalta",Exomad SRL,"Biochar, 2022",100+ years,https://registry.puro.earth/projects/292788,292788,5,https://registry.puro.earth/issuances
29 Dec 2025,12467,"Exomad Green, Concepción",Exomad SRL,"Biochar, 2022",100+ years,https://registry.puro.earth/projects/432524,432524,5,https://registry.puro.earth/issuances
19 Dec 2025,1564,NetZero-002-Lajinha,NetZero,"Biochar, 2022",100+ years,https://registry.puro.earth/projects/141608,141608,5,https://registry.puro.earth/issuances
19 Dec 2025,462,NetZero-003-Brejetuba,NetZero,"Biochar, 2022",100+ years,https://registry.puro.earth/projects/566645,566645,5,https://registry.puro.earth/issuances
19 Dec 2025,4714,Avonmouth Production Facility,O.C.O Technology Limited,Carbonated Materials,1000+ years,https://registry.puro.earth/projects/756292,756292,5,https://registry.puro.earth/issuances
19 Dec 2025,2135,Leeds Production Facility,O.C.O Technology Limited,Carbonated Materials,1000+ years,https://registry.puro.earth/projects/625222,625222,6,https://registry.puro.earth/issuances
19 Dec 2025,2723,Leeds Production Facility,O.C.O Technology Limited,Carbonated Materials,1000+ years,https://registry.puro.earth/projects/625222,625222,6,https://registry.puro.earth/issuances
19 Dec 2025,142,Fasera Biochar Plant 1,Fasera Holdings Pty Ltd,"Biochar, 2022",100+ years,https://registry.puro.earth/projects/607941,607941,6,https://registry.puro.earth/issuances
19 Dec 2025,768,Applied Carbon – Terra,Applied Carbon Inc.,"Biochar, 2022",100+ years,https://registry.puro.earth/projects/686528,686528,6,https://registry.puro.earth/issuances
19 Dec 2025,29476,Gevo North Dakota,Net-Zero Richardton LLC,Geologically stored carbon,1000+ years,https://registry.puro.earth/projects/353054,353054,6,https://registry.puro.earth/issuances
19 Dec 2025,9408,"Exomad Green, Riberalta",Exomad SRL,"Biochar, 2022",100+ years,https://registry.puro.earth/projects/292788,292788,6,https://registry.puro.earth/issuances
17 Dec 2025,2567,Wakefield Biochar Facility 2,Accend AS,"Biochar, 2022",100+ years,https://registry.puro.earth/projects/244045,244045,6,https://registry.puro.earth/issuances
17 Dec 2025,752,Wakefield Biochar Facility 3,Accend AS,"Biochar, 2022",100+ years,https://registry.puro.earth/projects/939902,939902,6,https://registry.puro.earth/issuances
17 Dec 2025,915,Wakefield Biochar Facility 4,Accend AS,"Biochar, 2022",100+ years,https://registry.puro.earth/projects/517437,517437,6,https://registry.puro.earth/issuances
15 Dec 2025,799,Carbonsate Project Namibia,Carbonsate GmbH,Terrestrial Storage of Biomass,100+ years,https://registry.puro.earth/projects/583695,583695,6,https://registry.puro.earth/issuances
15 Dec 2025,3144,Farm Gai Kaisa 159,Planboo Eco AB,"Biochar, 2022",100+ years,https://registry.puro.earth/projects/226049,226049,7,https://registry.puro.earth/issuances
15 Dec 2025,1583,Fasera TSB Facility 1,Fasera Holdings Pty Ltd,Terrestrial Storage of Biomass,100+ years,https://registry.puro.earth/projects/477900,477900,7,https://registry.puro.earth/issuances
12 Dec 2025,16527,Joanna,ACT Commodities Inc.,"Biochar, 2022",100+ years,https://registry.puro.earth/projects/320449,320449,7,https://registry.puro.earth/issuances
11 Dec 2025,942,Truecoco Ghana Ltd,Truecoco Ghana Ltd,"Biochar, 2022",100+ years,https://registry.puro.earth/projects/816220,816220,7,https://registry.puro.earth/issuances
10 Dec 2025,4026,"Freres Lumber Co., Inc.",ACT Commodities Inc.,"Biochar, 2022",100+ years,https://registry.puro.earth/projects/133206,133206,7,https://registry.puro.earth/issuances
09 Dec 2025,1416,Brodie Biomass,Accend AS,"Biochar, 2022",100+ years,https://registry.puro.earth/projects/680422,680422,7,https://registry.puro.earth/issuances
05 Dec 2025,2361,Lithos Carbon US Southeast ERW Deployment,"Lithos Carbon, Inc.","Enhanced Rock Weathering, 2022",1000+ years,https://registry.puro.earth/projects/203380,203380,7,https://registry.puro.earth/issuances
05 Dec 2025,12380,"Exomad Green, Concepción",Exomad SRL,"Biochar, 2022",100+ years,https://registry.puro.earth/projects/432524,432524,7,https://registry.puro.earth/issuances
05 Dec 2025,357,Orca plant,Climeworks AG,Geologically stored carbon,1000+ years,https://registry.puro.earth/projects/631817,631817,7,https://registry.puro.earth/issuances
04 Dec 2025,278,Mammoth,Climeworks AG,"Geologically stored carbon, 2024",1000+ years,https://registry.puro.earth/projects/417791,417791,7,https://registry.puro.earth/issuances
03 Dec 2025,2146,Lithos Mid-Atlantic Facility,"Lithos Carbon, Inc.","Enhanced Rock Weathering, 2022",1000+ years,https://registry.puro.earth/projects/782763,782763,8,https://registry.puro.earth/issuances
03 Dec 2025,2362,Lithos Mid-West Facility,"Lithos Carbon, Inc.","Enhanced Rock Weathering, 2022",1000+ years,https://registry.puro.earth/projects/606367,606367,8,https://registry.puro.earth/issuances
03 Dec 2025,652,Lithos Carbon US Southeast ERW Deployment,"Lithos Carbon, Inc.","Enhanced Rock Weathering, 2022",1000+ years,https://registry.puro.earth/projects/203380,203380,8,https://registry.puro.earth/issuances
02 Dec 2025,1745,"ReGenerate Livermore Falls, LLC","ReGenerate Livermore Falls, LLC","Biochar, 2022",100+ years,https://registry.puro.earth/projects/470748,470748,8,https://registry.puro.earth/issuances
01 Dec 2025,1566,Farm Gai Kaisa 159,Planboo Eco AB,"Biochar, 2022",100+ years,https://registry.puro.earth/projects/226049,226049,8,https://registry.puro.earth/issuances
01 Dec 2025,16191,Aperam BioEnergia,Aperam Bioenergia Ltda,"Biochar, 2022",100+ years,https://registry.puro.earth/projects/175613,175613,8,https://registry.puro.earth/issuances
28 Nov 2025,42631,Gevo North Dakota,Net-Zero Richardton LLC,Geologically stored carbon,1000+ years,https://registry.puro.earth/projects/353054,353054,8,https://registry.puro.earth/issuances
26 Nov 2025,6926,Oregon Biochar Solutions,Oregon Biochar Solutions LLC,"Biochar, 2022",100+ years,https://registry.puro.earth/projects/753518,753518,8,https://registry.puro.earth/issuances
26 Nov 2025,8701,"Exomad Green, Riberalta",Exomad SRL,"Biochar, 2022",100+ years,https://registry.puro.earth/projects/292788,292788,8,https://registry.puro.earth/issuances
19 Nov 2025,16390,"Exomad Green, Riberalta",Exomad SRL,"Biochar, 2022",100+ years,https://registry.puro.earth/projects/292788,292788,8,https://registry.puro.earth/issuances
14 Nov 2025,165,"Carbon Cycle, 001, Rieden, DE",Accend AS,"Biochar, 2022",100+ years,https://registry.puro.earth/projects/511285,511285,9,https://registry.puro.earth/issuances
14 Nov 2025,10503,"Exomad Green, Concepción",Exomad SRL,"Biochar, 2022",100+ years,https://registry.puro.earth/projects/432524,432524,9,https://registry.puro.earth/issuances
11 Nov 2025,3272,Wakefield Biochar Facility 4,Accend AS,"Biochar, 2022",100+ years,https://registry.puro.earth/projects/517437,517437,9,https://registry.puro.earth/issuances
11 Nov 2025,770,Wakefield Biochar Facility 3,Accend AS,"Biochar, 2022",100+ years,https://registry.puro.earth/projects/939902,939902,9,https://registry.puro.earth/issuances
06 Nov 2025,113,ECOERA Millennium 1 Hammenhög Skånefrö,Ecoera AB,"Biochar, 2022",100+ years,https://registry.puro.earth/projects/706975,706975,9,https://registry.puro.earth/issuances
29 Oct 2025,9309,"Exomad Green, Concepción",Exomad SRL,"Biochar, 2022",100+ years,https://registry.puro.earth/projects/432524,432524,9,https://registry.puro.earth/issuances
23 Oct 2025,77,Enhanced Rock Weathering - Smallholder farmers in India,Varaha ClimateAg,"Enhanced Rock Weathering, 2022",1000+ years,https://registry.puro.earth/projects/442197,442197,9,https://registry.puro.earth/issuances
14 Oct 2025,870,Truecoco Ghana Ltd,Truecoco Ghana Ltd,"Biochar, 2022",100+ years,https://registry.puro.earth/projects/816220,816220,9,https://registry.puro.earth/issuances
30 Sept 2025,69771,Gevo North Dakota,Net-Zero Richardton LLC,Geologically stored carbon,1000+ years,https://registry.puro.earth/projects/353054,353054,9,https://registry.puro.earth/issuances
24 Sept 2025,748,Eion - Twinterstellar 3021,Eion Corp,"Enhanced Rock Weathering, 2022",1000+ years,https://registry.puro.earth/projects/387867,387867,9,https://registry.puro.earth/issuances
15 Sept 2025,7581,"Exomad Green, Concepción",Exomad SRL,"Biochar, 2022",100+ years,https://registry.puro.earth/projects/432524,432524,10,https://registry.puro.earth/issuances
12 Sept 2025,137,Novocarbo Baltic Sea,Novocarbo GmbH,"Biochar, 2022",100+ years,https://registry.puro.earth/projects/674019,674019,10,https://registry.puro.earth/issuances
10 Sept 2025,2481,Varaha Corn Seed Facility 1 : Pooling ID 301704,Varaha ClimateAg,"Biochar, 2022",100+ years,https://registry.puro.earth/projects/301704,301704,10,https://registry.puro.earth/issuances
09 Sept 2025,4067,"Exomad Green, Riberalta",Exomad SRL,"Biochar, 2022",100+ years,https://registry.puro.earth/projects/292788,292788,10,https://registry.puro.earth/issuances
01 Sept 2025,1738,EUTHENIA ENERGY CENTER,Euthenia Energy Center S.L.,"Biochar, 2022",100+ years,https://registry.puro.earth/projects/272454,272454,10,https://registry.puro.earth/issuances
25 Aug 2025,521,Tierra Prieta - Parras,"Carbon Removal Solutions, Inc (dba Tierra Prieta)","Biochar, 2022",100+ years,https://registry.puro.earth/projects/705515,705515,10,https://registry.puro.earth/issuances
18 Aug 2025,177,BBB - AWJ_Newton Rigg (JNR),Black Bull Biochar Ltd,"Biochar, 2022",100+ years,https://registry.puro.earth/projects/448190,448190,10,https://registry.puro.earth/issuances
18 Aug 2025,7818,"Exomad Green, Concepción",Exomad SRL,"Biochar, 2022",100+ years,https://registry.puro.earth/projects/432524,432524,10,https://registry.puro.earth/issuances
12 Aug 2025,99,BBB - Ahlstrom_Radcliffe,Black Bull Biochar Ltd,"Biochar, 2022",100+ years,https://registry.puro.earth/projects/511686,511686,10,https://registry.puro.earth/issuances
12 Aug 2025,1274,Varaha Corn Seed Facility 2 : Pooling ID 301704,Varaha ClimateAg,"Biochar, 2022",100+ years,https://registry.puro.earth/projects/407851,407851,10,https://registry.puro.earth/issuances
08 Aug 2025,452,NetZero-003-Brejetuba,NetZero,"Biochar, 2022",100+ years,https://registry.puro.earth/projects/566645,566645,11,https://registry.puro.earth/issuances
08 Aug 2025,873,NetZero-002-Lajinha,NetZero,"Biochar, 2022",100+ years,https://registry.puro.earth/projects/141608,141608,11,https://registry.puro.earth/issuances
08 Aug 2025,278,Bio-Logical Mt Kenya Biochar Project,Bio-Logical,"Biochar, 2022",100+ years,https://registry.puro.earth/projects/664457,664457,11,https://registry.puro.earth/issuances
08 Aug 2025,432,Bio-Logical Mt Kenya Biochar Project,Bio-Logical,"Biochar, 2022",100+ years,https://registry.puro.earth/projects/664457,664457,11,https://registry.puro.earth/issuances
05 Aug 2025,4106,"Exomad Green, Riberalta",Exomad SRL,"Biochar, 2022",100+ years,https://registry.puro.earth/projects/292788,292788,11,https://registry.puro.earth/issuances
01 Aug 2025,132,Alcom-01-NuevaEcijaPhilippines,Alcom Carbon Markets Pte Ltd,"Biochar, 2022",100+ years,https://registry.puro.earth/projects/227253,227253,11,https://registry.puro.earth/issuances
22 Jul 2025,6305,"Exomad Green, Concepción",Exomad SRL,"Biochar, 2022",100+ years,https://registry.puro.earth/projects/432524,432524,11,https://registry.puro.earth/issuances
21 Jul 2025,80,V-Grid (c/o South Corner Dairy),V-Grid Energy Systems,"Biochar, 2022",100+ years,https://registry.puro.earth/projects/472483,472483,11,https://registry.puro.earth/issuances
16 Jul 2025,170,Carbonity Biochar Production Canada,First Climate (Switzerland) AG,"Biochar, 2022",100+ years,https://registry.puro.earth/projects/145827,145827,11,https://registry.puro.earth/issuances
15 Jul 2025,8122,"Exomad Green, Concepción",Exomad SRL,"Biochar, 2022",100+ years,https://registry.puro.earth/projects/432524,432524,11,https://registry.puro.earth/issuances
08 Jul 2025,108,Orca plant,Climeworks AG,Geologically stored carbon,1000+ years,https://registry.puro.earth/projects/631817,631817,12,https://registry.puro.earth/issuances
01 Jul 2025,1229,"Exomad Green, Riberalta",Exomad SRL,"Biochar, 2022",100+ years,https://registry.puro.earth/projects/292788,292788,12,https://registry.puro.earth/issuances
30 Jun 2025,498,"Carbon Cycle, 001, Rieden, DE",Accend AS,"Biochar, 2022",100+ years,https://registry.puro.earth/projects/511285,511285,12,https://registry.puro.earth/issuances
27 Jun 2025,1706,Leeds Production Facility,O.C.O Technology Limited,Carbonated Materials,1000+ years,https://registry.puro.earth/projects/625222,625222,12,https://registry.puro.earth/issuances
24 Jun 2025,584,EUTHENIA ENERGY CENTER,Euthenia Energy Center S.L.,"Biochar, 2022",100+ years,https://registry.puro.earth/projects/272454,272454,12,https://registry.puro.earth/issuances
19 Jun 2025,2436,"Exomad Green, Riberalta",Exomad SRL,"Biochar, 2022",100+ years,https://registry.puro.earth/projects/292788,292788,12,https://registry.puro.earth/issuances
17 Jun 2025,13058,"Exomad Green, Concepción",Exomad SRL,"Biochar, 2022",100+ years,https://registry.puro.earth/projects/432524,432524,12,https://registry.puro.earth/issuances
13 Jun 2025,847,Applied Carbon – Terra,Applied Carbon Inc.,"Biochar, 2022",100+ years,https://registry.puro.earth/projects/686528,686528,12,https://registry.puro.earth/issuances
30 May 2025,3658,"Exomad Green, Riberalta",Exomad SRL,"Biochar, 2022",100+ years,https://registry.puro.earth/projects/292788,292788,12,https://registry.puro.earth/issuances
27 May 2025,579,Carbonchip Mobile Carboniser #1,Biocare Projects Pty Ltd,"Biochar, 2022",100+ years,https://registry.puro.earth/projects/291133,291133,12,https://registry.puro.earth/issuances
22 May 2025,458,Nuntårp Gård,BC Trading AB,"Biochar, 2022",100+ years,https://registry.puro.earth/projects/752025,752025,13,https://registry.puro.earth/issuances
22 May 2025,586,Fasera TSB Facility 1,Fasera Holdings Pty Ltd,Terrestrial Storage of Biomass,100+ years,https://registry.puro.earth/projects/477900,477900,13,https://registry.puro.earth/issuances
29 Apr 2025,49,InterEarth Bowgada,Inter Earth Pty Ltd,Terrestrial Storage of Biomass,100+ years,https://registry.puro.earth/projects/514150,514150,13,https://registry.puro.earth/issuances
29 Apr 2025,3677,"Exomad Green, Riberalta",Exomad SRL,"Biochar, 2022",100+ years,https://registry.puro.earth/projects/292788,292788,13,https://registry.puro.earth/issuances
23 Apr 2025,330,Nian'da Biochar Facility,Eversink Limited,"Biochar, 2022",100+ years,https://registry.puro.earth/projects/577494,577494,13,https://registry.puro.earth/issuances
22 Apr 2025,28,Mammoth,Climeworks AG,"Geologically stored carbon, 2024",1000+ years,https://registry.puro.earth/projects/417791,417791,13,https://registry.puro.earth/issuances
17 Apr 2025,187,Carbofex Nokia 1,Carbofex Oy,"Biochar, 2022",100+ years,https://registry.puro.earth/projects/507468,507468,13,https://registry.puro.earth/issuances
17 Apr 2025,77,Orca plant,Climeworks AG,Geologically stored carbon,1000+ years,https://registry.puro.earth/projects/631817,631817,13,https://registry.puro.earth/issuances
08 Apr 2025,1757,Leeds Production Facility,O.C.O Technology Limited,Carbonated Materials,1000+ years,https://registry.puro.earth/projects/625222,625222,13,https://registry.puro.earth/issuances
01 Apr 2025,192,"Carbon Cycle, 001, Rieden, DE",Accend AS,"Biochar, 2022",100+ years,https://registry.puro.earth/projects/511285,511285,13,https://registry.puro.earth/issuances
28 Mar 2025,3134,"Exomad Green, Riberalta",Exomad SRL,"Biochar, 2022",100+ years,https://registry.puro.earth/projects/292788,292788,14,https://registry.puro.earth/issuances
28 Mar 2025,3632,"Exomad Green, Concepción",Exomad SRL,"Biochar, 2022",100+ years,https://registry.puro.earth/projects/432524,432524,14,https://registry.puro.earth/issuances
25 Mar 2025,3351,Farm Gai Kaisa 159,Planboo Eco AB,"Biochar, 2022",100+ years,https://registry.puro.earth/projects/226049,226049,14,https://registry.puro.earth/issuances
18 Mar 2025,13,Bussme-01-Munka-Ljungby,Bussme Biochar AB,"Biochar, 2022",100+ years,https://registry.puro.earth/projects/299495,299495,14,https://registry.puro.earth/issuances
18 Mar 2025,205,Bussme-01-Svedala,Bussme Biochar AB,"Biochar, 2022",100+ years,https://registry.puro.earth/projects/665890,665890,14,https://registry.puro.earth/issuances
18 Mar 2025,70,Novocarbo Baltic Sea,Novocarbo GmbH,"Biochar, 2022",100+ years,https://registry.puro.earth/projects/674019,674019,14,https://registry.puro.earth/issuances
13 Mar 2025,84,NetZero-003-Brejetuba,NetZero,"Biochar, 2022",100+ years,https://registry.puro.earth/projects/566645,566645,14,https://registry.puro.earth/issuances
13 Mar 2025,156,NetZero-003-Brejetuba,NetZero,"Biochar, 2022",100+ years,https://registry.puro.earth/projects/566645,566645,14,https://registry.puro.earth/issuances
13 Mar 2025,133,NetZero-002-Lajinha,NetZero,"Biochar, 2022",100+ years,https://registry.puro.earth/projects/141608,141608,14,https://registry.puro.earth/issuances
13 Mar 2025,453,NetZero-002-Lajinha,NetZero,"Biochar, 2022",100+ years,https://registry.puro.earth/projects/141608,141608,14,https://registry.puro.earth/issuances
13 Mar 2025,117,USA,Himalayan Sustainable Energy Solutions Pvt. Ltd. (dba Takachar),"Biochar, 2022",100+ years,https://registry.puro.earth/projects/980845,980845,15,https://registry.puro.earth/issuances
06 Mar 2025,4001,Joanna,ACT Commodities Inc.,"Biochar, 2022",100+ years,https://registry.puro.earth/projects/320449,320449,15,https://registry.puro.earth/issuances
04 Mar 2025,2977,"Exomad Green, Riberalta",Exomad SRL,"Biochar, 2022",100+ years,https://registry.puro.earth/projects/292788,292788,15,https://registry.puro.earth/issuances
04 Mar 2025,3209,"Exomad Green, Concepción",Exomad SRL,"Biochar, 2022",100+ years,https://registry.puro.earth/projects/432524,432524,15,https://registry.puro.earth/issuances
28 Feb 2025,221264,Gevo North Dakota,Net-Zero Richardton LLC,Geologically stored carbon,1000+ years,https://registry.puro.earth/projects/353054,353054,15,https://registry.puro.earth/issuances
27 Feb 2025,218,OBIO Rudshøgda,Accend AS,"Biochar, 2022",100+ years,https://registry.puro.earth/projects/727586,727586,15,https://registry.puro.earth/issuances
27 Feb 2025,100,BioLesna Carrot River,BC Biocarbon LTD,"Biochar, 2022",100+ years,https://registry.puro.earth/projects/392654,392654,15,https://registry.puro.earth/issuances
20 Feb 2025,138,Lurin,Inkan Negro SAC,"Biochar, 2022",100+ years,https://registry.puro.earth/projects/316372,316372,15,https://registry.puro.earth/issuances
14 Feb 2025,155,"Explocom 1, Lupeni",Accend AS,"Biochar, 2022",100+ years,https://registry.puro.earth/projects/307998,307998,15,https://registry.puro.earth/issuances
07 Feb 2025,1913,"ReGenerate Livermore Falls, LLC","ReGenerate Livermore Falls, LLC","Biochar, 2022",100+ years,https://registry.puro.earth/projects/470748,470748,15,https://registry.puro.earth/issuances
07 Feb 2025,4256,"Exomad Green, Concepción",Exomad SRL,"Biochar, 2022",100+ years,https://registry.puro.earth/projects/432524,432524,16,https://registry.puro.earth/issuances
07 Feb 2025,3986,"Exomad Green, Riberalta",Exomad SRL,"Biochar, 2022",100+ years,https://registry.puro.earth/projects/292788,292788,16,https://registry.puro.earth/issuances
31 Jan 2025,355,Farm Gai Kaisa 159,Planboo Eco AB,"Biochar, 2022",100+ years,https://registry.puro.earth/projects/226049,226049,16,https://registry.puro.earth/issuances
14 Jan 2025,2221,"Exomad Green, Riberalta",Exomad SRL,"Biochar, 2022",100+ years,https://registry.puro.earth/projects/292788,292788,16,https://registry.puro.earth/issuances
14 Jan 2025,3818,"Exomad Green, Concepción",Exomad SRL,"Biochar, 2022",100+ years,https://registry.puro.earth/projects/432524,432524,16,https://registry.puro.earth/issuances
10 Jan 2025,34,Carbofex Nokia 1,Carbofex Oy,"Biochar, 2022",100+ years,https://registry.puro.earth/projects/507468,507468,16,https://registry.puro.earth/issuances
10 Jan 2025,2198,EUTHENIA ENERGY CENTER,Euthenia Energy Center S.L.,"Biochar, 2022",100+ years,https://registry.puro.earth/projects/272454,272454,16,https://registry.puro.earth/issuances
10 Jan 2025,116,NetZero-003-Brejetuba,NetZero,"Biochar, 2022",100+ years,https://registry.puro.earth/projects/566645,566645,16,https://registry.puro.earth/issuances
10 Jan 2025,1708,NetZero-002-Lajinha,NetZero,"Biochar, 2022",100+ years,https://registry.puro.earth/projects/141608,141608,16,https://registry.puro.earth/issuances
09 Jan 2025,29,Sonnenerde PyroDry,Sonnenerde GmbH,"Biochar, 2022",100+ years,https://registry.puro.earth/projects/955988,955988,16,https://registry.puro.earth/issuances
30 Dec 2024,10523,"Exomad Green, Riberalta",Exomad SRL,"Biochar, 2022",100+ years,https://registry.puro.earth/projects/292788,292788,17,https://registry.puro.earth/issuances
30 Dec 2024,66,"Carbon Cycle, 001, Rieden, DE",Accend AS,"Biochar, 2022",100+ years,https://registry.puro.earth/projects/511285,511285,17,https://registry.puro.earth/issuances
30 Dec 2024,73,"Carbon Cycle, 001, Rieden, DE",Accend AS,"Biochar, 2022",100+ years,https://registry.puro.earth/projects/511285,511285,17,https://registry.puro.earth/issuances
30 Dec 2024,94,"Carbon Cycle, 001, Rieden, DE",Accend AS,"Biochar, 2022",100+ years,https://registry.puro.earth/projects/511285,511285,17,https://registry.puro.earth/issuances
30 Dec 2024,4789,Avonmouth Production Facility,O.C.O Technology Limited,Carbonated Materials,1000+ years,https://registry.puro.earth/projects/756292,756292,17,https://registry.puro.earth/issuances
30 Dec 2024,1075,Brandon Production Facility,O.C.O Technology Limited,Carbonated Materials,1000+ years,https://registry.puro.earth/projects/300346,300346,17,https://registry.puro.earth/issuances
30 Dec 2024,9009,Leeds Production Facility,O.C.O Technology Limited,Carbonated Materials,1000+ years,https://registry.puro.earth/projects/625222,625222,17,https://registry.puro.earth/issuances
27 Dec 2024,2276,"Exomad Green, Riberalta",Exomad SRL,"Biochar, 2022",100+ years,https://registry.puro.earth/projects/292788,292788,17,https://registry.puro.earth/issuances
19 Dec 2024,848,Oregon Biochar Solutions,Oregon Biochar Solutions LLC,"Biochar, 2022",100+ years,https://registry.puro.earth/projects/753518,753518,17,https://registry.puro.earth/issuances
19 Dec 2024,307,Farm Gai Kaisa 159,Planboo Eco AB,"Biochar, 2022",100+ years,https://registry.puro.earth/projects/226049,226049,17,https://registry.puro.earth/issuances
17 Dec 2024,289,Orca plant,Climeworks AG,Geologically stored carbon,1000+ years,https://registry.puro.earth/projects/631817,631817,18,https://registry.puro.earth/issuances
17 Dec 2024,77,Mammoth,Climeworks AG,Geologically stored carbon,1000+ years,https://registry.puro.earth/projects/417791,417791,18,https://registry.puro.earth/issuances
12 Dec 2024,241,"Carbon Cycle, 001, Rieden, DE",Accend AS,"Biochar, 2022",100+ years,https://registry.puro.earth/projects/511285,511285,18,https://registry.puro.earth/issuances
12 Dec 2024,3579,"Exomad Green, Concepción",Exomad SRL,"Biochar, 2022",100+ years,https://registry.puro.earth/projects/432524,432524,18,https://registry.puro.earth/issuances
05 Dec 2024,131,Novocarbo Baltic Sea,Novocarbo GmbH,"Biochar, 2022",100+ years,https://registry.puro.earth/projects/674019,674019,18,https://registry.puro.earth/issuances
27 Nov 2024,58,Carbofex Nokia 1,Carbofex Oy,"Biochar, 2022",100+ years,https://registry.puro.earth/projects/507468,507468,18,https://registry.puro.earth/issuances
27 Nov 2024,3810,Farm Gai Kaisa 159,Planboo Eco AB,"Biochar, 2022",100+ years,https://registry.puro.earth/projects/226049,226049,18,https://registry.puro.earth/issuances
21 Nov 2024,114,Clean Maine Carbon,Clean Maine Carbon,"Biochar, 2022",100+ years,https://registry.puro.earth/projects/120366,120366,18,https://registry.puro.earth/issuances
19 Nov 2024,5995,Joanna,ACT Commodities Inc.,"Biochar, 2022",100+ years,https://registry.puro.earth/projects/320449,320449,18,https://registry.puro.earth/issuances
15 Nov 2024,264,Earthcare,"Earthcare, LLC","Biochar, 2022",100+ years,https://registry.puro.earth/projects/715141,715141,18,https://registry.puro.earth/issuances
14 Nov 2024,4523,"Exomad Green, Concepción",Exomad SRL,"Biochar, 2022",100+ years,https://registry.puro.earth/projects/432524,432524,19,https://registry.puro.earth/issuances
12 Nov 2024,436,ECOERA Millennium 1 Hammenhög Skånefrö,Ecoera AB,"Biochar, 2022",100+ years,https://registry.puro.earth/projects/706975,706975,19,https://registry.puro.earth/issuances
04 Nov 2024,1901,Farm Gai Kaisa 159,Planboo Eco AB,"Biochar, 2022",100+ years,https://registry.puro.earth/projects/226049,226049,19,https://registry.puro.earth/issuances
31 Oct 2024,217,Jeffries Group,L.F Jeffries Nominees Pty. Ltd t/aJeffries Group,"Biochar, 2022",100+ years,https://registry.puro.earth/projects/114352,114352,19,https://registry.puro.earth/issuances
31 Oct 2024,3248,CSI-Hardin,"Carbon Sequestration, Inc.",Terrestrial Storage of Biomass,100+ years,https://registry.puro.earth/projects/959739,959739,19,https://registry.puro.earth/issuances
25 Oct 2024,1917,Aperam BioEnergia,Aperam Bioenergia Ltda,"Biochar, 2022",100+ years,https://registry.puro.earth/projects/175613,175613,19,https://registry.puro.earth/issuances
25 Oct 2024,21456,Aperam BioEnergia,Aperam Bioenergia Ltda,"Biochar, 2022",100+ years,https://registry.puro.earth/projects/175613,175613,19,https://registry.puro.earth/issuances
23 Oct 2024,1747,Varaha Corn Seed Facility 1 : Pooling ID 301704,Varaha ClimateAg,"Biochar, 2022",100+ years,https://registry.puro.earth/projects/301704,301704,19,https://registry.puro.earth/issuances
15 Oct 2024,3524,"Exomad Green, Concepción",Exomad SRL,"Biochar, 2022",100+ years,https://registry.puro.earth/projects/432524,432524,19,https://registry.puro.earth/issuances
10 Oct 2024,115,Carbofex Nokia 1,Carbofex Oy,"Biochar, 2022",100+ years,https://registry.puro.earth/projects/507468,507468,19,https://registry.puro.earth/issuances
10 Oct 2024,54,V-Grid (c/o South Corner Dairy),V-Grid Energy Systems,"Biochar, 2022",100+ years,https://registry.puro.earth/projects/472483,472483,20,https://registry.puro.earth/issuances
10 Oct 2024,12,Novocarbo Ruhr/Tyssenkrupp,Novocarbo GmbH,"Biochar, 2022",100+ years,https://registry.puro.earth/projects/798006,798006,20,https://registry.puro.earth/issuances
02 Oct 2024,1403,Four Bordet,Carbonapp,"Biochar, 2022",100+ years,https://registry.puro.earth/projects/619736,619736,20,https://registry.puro.earth/issuances
27 Sept 2024,1971,Oregon Biochar Solutions,Oregon Biochar Solutions LLC,"Biochar, 2022",100+ years,https://registry.puro.earth/projects/753518,753518,20,https://registry.puro.earth/issuances
26 Sept 2024,108,General Biochar Systems - Irapuato,The Next 150 SA,"Biochar, 2022",100+ years,https://registry.puro.earth/projects/644638,644638,20,https://registry.puro.earth/issuances
26 Sept 2024,63,Pyrocal - Wellcamp,Pyrocal Pty Ltd,"Biochar, 2022",100+ years,https://registry.puro.earth/projects/569274,569274,20,https://registry.puro.earth/issuances
19 Sept 2024,23,Carbofex Nokia 1,Carbofex Oy,"Biochar, 2022",100+ years,https://registry.puro.earth/projects/507468,507468,20,https://registry.puro.earth/issuances
12 Sept 2024,45,Novocarbo Baltic Sea,Novocarbo GmbH,"Biochar, 2022",100+ years,https://registry.puro.earth/projects/674019,674019,20,https://registry.puro.earth/issuances
12 Sept 2024,2284,Farm Gai Kaisa 159,Planboo Eco AB,"Biochar, 2022",100+ years,https://registry.puro.earth/projects/226049,226049,20,https://registry.puro.earth/issuances
12 Sept 2024,4200,"Exomad Green, Concepción",Exomad SRL,"Biochar, 2022",100+ years,https://registry.puro.earth/projects/432524,432524,20,https://registry.puro.earth/issuances
12 Sept 2024,429,Orca plant,Climeworks AG,Geologically stored carbon,1000+ years,https://registry.puro.earth/projects/631817,631817,21,https://registry.puro.earth/issuances
03 Sept 2024,359,Wakefield Biochar Facility 2,Accend AS,"Biochar, 2022",100+ years,https://registry.puro.earth/projects/244045,244045,21,https://registry.puro.earth/issuances
29 Aug 2024,872,Oregon Biochar Solutions,Oregon Biochar Solutions LLC,"Biochar, 2022",100+ years,https://registry.puro.earth/projects/753518,753518,21,https://registry.puro.earth/issuances
27 Aug 2024,1440,Wakefield Biochar Facility 2,Accend AS,"Biochar, 2022",100+ years,https://registry.puro.earth/projects/244045,244045,21,https://registry.puro.earth/issuances
27 Aug 2024,268,Fasera Biochar Plant 1,Fasera Holdings Pty Ltd,"Biochar, 2022",100+ years,https://registry.puro.earth/projects/607941,607941,21,https://registry.puro.earth/issuances
20 Aug 2024,44,Carbofex Nokia 1,Carbofex Oy,"Biochar, 2022",100+ years,https://registry.puro.earth/projects/507468,507468,21,https://registry.puro.earth/issuances
20 Aug 2024,106,V-Grid (c/o South Corner Dairy),V-Grid Energy Systems,"Biochar, 2022",100+ years,https://registry.puro.earth/projects/472483,472483,21,https://registry.puro.earth/issuances
13 Aug 2024,4109,"Exomad Green, Concepción",Exomad SRL,"Biochar, 2022",100+ years,https://registry.puro.earth/projects/432524,432524,21,https://registry.puro.earth/issuances
08 Aug 2024,227,OBIO Rudshøgda,Accend AS,"Biochar, 2022",100+ years,https://registry.puro.earth/projects/727586,727586,21,https://registry.puro.earth/issuances
08 Aug 2024,133,Novocarbo Baltic Sea,Novocarbo GmbH,"Biochar, 2022",100+ years,https://registry.puro.earth/projects/674019,674019,21,https://registry.puro.earth/issuances
26 Jul 2024,69,Walsenburg Facility,Wood Cache PBC,Terrestrial Storage of Biomass,100+ years,https://registry.puro.earth/projects/452184,452184,22,https://registry.puro.earth/issuances
25 Jul 2024,103,"Carbon Cycle, 001, Rieden, DE",Accend AS,"Biochar, 2022",100+ years,https://registry.puro.earth/projects/511285,511285,22,https://registry.puro.earth/issuances
25 Jul 2024,56,"Carbon Cycle, 001, Rieden, DE",Accend AS,"Biochar, 2022",100+ years,https://registry.puro.earth/projects/511285,511285,22,https://registry.puro.earth/issuances
23 Jul 2024,441,Farm Gai Kaisa 159,Planboo Eco AB,"Biochar, 2022",100+ years,https://registry.puro.earth/projects/226049,226049,22,https://registry.puro.earth/issuances
23 Jul 2024,126,V-Grid (c/o South Corner Dairy),V-Grid Energy Systems,"Biochar, 2022",100+ years,https://registry.puro.earth/projects/472483,472483,22,https://registry.puro.earth/issuances
18 Jul 2024,3975,"Exomad Green, Concepción",Exomad SRL,"Biochar, 2022",100+ years,https://registry.puro.earth/projects/432524,432524,22,https://registry.puro.earth/issuances
18 Jul 2024,66,OBIO Rudshøgda,Accend AS,"Biochar, 2022",100+ years,https://registry.puro.earth/projects/727586,727586,22,https://registry.puro.earth/issuances
09 Jul 2024,2564,Wakefield Biochar Facility 2,Accend AS,"Biochar, 2022",100+ years,https://registry.puro.earth/projects/244045,244045,22,https://registry.puro.earth/issuances
09 Jul 2024,3396,"Freres Lumber Co., Inc.",ACT Commodities Inc.,"Biochar, 2022",100+ years,https://registry.puro.earth/projects/133206,133206,22,https://registry.puro.earth/issuances
05 Jul 2024,247,Carbofex Nokia 1,Carbofex Oy,"Biochar, 2022",100+ years,https://registry.puro.earth/projects/507468,507468,22,https://registry.puro.earth/issuances
05 Jul 2024,1843,Farm Gai Kaisa 159,Planboo Eco AB,"Biochar, 2022",100+ years,https://registry.puro.earth/projects/226049,226049,23,https://registry.puro.earth/issuances
02 Jul 2024,16727,Aperam BioEnergia,Aperam Bioenergia Ltda,"Biochar, 2022",100+ years,https://registry.puro.earth/projects/175613,175613,23,https://registry.puro.earth/issuances
27 Jun 2024,2166,"Freres Lumber Co., Inc.",ACT Commodities Inc.,"Biochar, 2022",100+ years,https://registry.puro.earth/projects/133206,133206,23,https://registry.puro.earth/issuances
27 Jun 2024,9160,"Exomad Green, Concepción",Exomad SRL,"Biochar, 2022",100+ years,https://registry.puro.earth/projects/432524,432524,23,https://registry.puro.earth/issuances
14 Jun 2024,10020,"Exomad Green, Concepción",Exomad SRL,"Biochar, 2022",100+ years,https://registry.puro.earth/projects/432524,432524,23,https://registry.puro.earth/issuances
07 Jun 2024,1937,Wakefield Biochar Facility 2,Accend AS,"Biochar, 2022",100+ years,https://registry.puro.earth/projects/244045,244045,23,https://registry.puro.earth/issuances
05 Jun 2024,17,"Sylva Fertilis, Argentan, FR",Accend AS,"Biochar, 2022",100+ years,https://registry.puro.earth/projects/242171,242171,23,https://registry.puro.earth/issuances
04 Jun 2024,95,"Carbon Cycle, 001, Rieden, DE",Accend AS,"Biochar, 2022",100+ years,https://registry.puro.earth/projects/511285,511285,23,https://registry.puro.earth/issuances
30 May 2024,555,Farm Gai Kaisa 159,Planboo Eco AB,"Biochar, 2022",100+ years,https://registry.puro.earth/projects/226049,226049,23,https://registry.puro.earth/issuances
28 May 2024,54,"Carbon Cycle, 001, Rieden, DE",Accend AS,"Biochar, 2022",100+ years,https://registry.puro.earth/projects/511285,511285,23,https://registry.puro.earth/issuances
23 May 2024,158,Orca plant,Climeworks AG,Geologically stored carbon,1000+ years,https://registry.puro.earth/projects/631817,631817,24,https://registry.puro.earth/issuances
16 May 2024,877,Restoration Fuels,"Restoration Fuels, LLC","Biochar, 2022",100+ years,https://registry.puro.earth/projects/371935,371935,24,https://registry.puro.earth/issuances
14 May 2024,1045,Wakefield Biochar Facility 2,Accend AS,"Biochar, 2022",100+ years,https://registry.puro.earth/projects/244045,244045,24,https://registry.puro.earth/issuances
07 May 2024,115,Carbofex Nokia 1,Carbofex Oy,"Biochar, 2022",100+ years,https://registry.puro.earth/projects/507468,507468,24,https://registry.puro.earth/issuances
07 May 2024,11,"Sylva Fertilis, Argentan, FR",Accend AS,"Biochar, 2022",100+ years,https://registry.puro.earth/projects/242171,242171,24,https://registry.puro.earth/issuances
30 Apr 2024,29,"Sylva Fertilis, Argentan, FR",Accend AS,"Biochar, 2022",100+ years,https://registry.puro.earth/projects/242171,242171,24,https://registry.puro.earth/issuances
30 Apr 2024,90,Novocarbo Rhine,Novocarbo GmbH,"Biochar, 2022",100+ years,https://registry.puro.earth/projects/181017,181017,24,https://registry.puro.earth/issuances
26 Apr 2024,17423,Aperam BioEnergia,Aperam Bioenergia Ltda,"Biochar, 2022",100+ years,https://registry.puro.earth/projects/175613,175613,24,https://registry.puro.earth/issuances
25 Apr 2024,851,Wakefield Biochar Facility 2,Accend AS,"Biochar, 2022",100+ years,https://registry.puro.earth/projects/244045,244045,24,https://registry.puro.earth/issuances
23 Apr 2024,64,Sonnenerde PyroDry,Sonnenerde GmbH,"Biochar, 2022",100+ years,https://registry.puro.earth/projects/955988,955988,24,https://registry.puro.earth/issuances
19 Apr 2024,741,Four Bordet,Carbonapp,"Biochar, 2022",100+ years,https://registry.puro.earth/projects/619736,619736,25,https://registry.puro.earth/issuances
16 Apr 2024,1366,Wakefield Biochar Facility 2,Accend AS,"Biochar, 2022",100+ years,https://registry.puro.earth/projects/244045,244045,25,https://registry.puro.earth/issuances
16 Apr 2024,65,V-Grid (c/o South Corner Dairy),V-Grid Energy Systems,"Biochar, 2022",100+ years,https://registry.puro.earth/projects/472483,472483,25,https://registry.puro.earth/issuances
11 Apr 2024,275,Carbofex Nokia 1,Carbofex Oy,"Biochar, 2022",100+ years,https://registry.puro.earth/projects/507468,507468,25,https://registry.puro.earth/issuances
04 Apr 2024,78,"Carbon Cycle, 001, Rieden, DE",Accend AS,"Biochar, 2022",100+ years,https://registry.puro.earth/projects/511285,511285,25,https://registry.puro.earth/issuances
04 Apr 2024,2663,"Exomad Green, Concepción",Exomad SRL,"Biochar, 2022",100+ years,https://registry.puro.earth/projects/432524,432524,25,https://registry.puro.earth/issuances
28 Mar 2024,43,"Sylva Fertilis, Argentan, FR",Accend AS,"Biochar, 2022",100+ years,https://registry.puro.earth/projects/242171,242171,25,https://registry.puro.earth/issuances
28 Mar 2024,179,"Explocom 1, Lupeni",Accend AS,"Biochar, 2022",100+ years,https://registry.puro.earth/projects/307998,307998,25,https://registry.puro.earth/issuances
26 Mar 2024,168,Sonnenerde PyroDry,Sonnenerde GmbH,"Biochar, 2022",100+ years,https://registry.puro.earth/projects/955988,955988,25,https://registry.puro.earth/issuances
25 Mar 2024,135,OBIO Rudshøgda,Accend AS,"Biochar, 2022",100+ years,https://registry.puro.earth/projects/727586,727586,25,https://registry.puro.earth/issuances
25 Mar 2024,146,Sonnenerde Pyreg 500,Sonnenerde GmbH,"Biochar, 2022",100+ years,https://registry.puro.earth/projects/951479,951479,26,https://registry.puro.earth/issuances
22 Mar 2024,1573,"Exomad Green, Concepción",Exomad SRL,"Biochar, 2022",100+ years,https://registry.puro.earth/projects/432524,432524,26,https://registry.puro.earth/issuances
21 Mar 2024,74,Carbofex Nokia 1,Carbofex Oy,"Biochar, 2022",100+ years,https://registry.puro.earth/projects/507468,507468,26,https://registry.puro.earth/issuances
14 Mar 2024,25,"Explocom 1, Lupeni",Accend AS,"Biochar, 2022",100+ years,https://registry.puro.earth/projects/307998,307998,26,https://registry.puro.earth/issuances
14 Mar 2024,20,"Sylva Fertilis, Argentan, FR",Accend AS,"Biochar, 2022",100+ years,https://registry.puro.earth/projects/242171,242171,26,https://registry.puro.earth/issuances
14 Mar 2024,2209,Wakefield Biochar Facility 2,Accend AS,"Biochar, 2022",100+ years,https://registry.puro.earth/projects/244045,244045,26,https://registry.puro.earth/issuances
05 Mar 2024,157592,Gevo North Dakota,Net-Zero Richardton LLC,Geologically stored carbon,1000+ years,https://registry.puro.earth/projects/353054,353054,26,https://registry.puro.earth/issuances
29 Feb 2024,2071,"Exomad Green, Concepción",Exomad SRL,"Biochar, 2022",100+ years,https://registry.puro.earth/projects/432524,432524,26,https://registry.puro.earth/issuances
29 Feb 2024,79,Novocarbo Rhine,Novocarbo GmbH,"Biochar, 2022",100+ years,https://registry.puro.earth/projects/181017,181017,26,https://registry.puro.earth/issuances
26 Feb 2024,9386,Aperam BioEnergia,Aperam Bioenergia Ltda,"Biochar, 2022",100+ years,https://registry.puro.earth/projects/175613,175613,26,https://registry.puro.earth/issuances
26 Feb 2024,3552,"Exomad Green, Concepción",Exomad SRL,"Biochar, 2022",100+ years,https://registry.puro.earth/projects/432524,432524,27,https://registry.puro.earth/issuances
22 Feb 2024,420,Alcom-01-NuevaEcijaPhilippines,Alcom Carbon Markets Pte Ltd,"Biochar, 2022",100+ years,https://registry.puro.earth/projects/227253,227253,27,https://registry.puro.earth/issuances
22 Feb 2024,406,Wakefield Biochar Facility 3,Accend AS,"Biochar, 2022",100+ years,https://registry.puro.earth/projects/939902,939902,27,https://registry.puro.earth/issuances
15 Feb 2024,511,"Nordgau Carbon, Wernberg-Köblitz",Accend AS,"Biochar, 2022",100+ years,https://registry.puro.earth/projects/424545,424545,27,https://registry.puro.earth/issuances
13 Feb 2024,1765,Wakefield Biochar Facility 2,Accend AS,"Biochar, 2022",100+ years,https://registry.puro.earth/projects/244045,244045,27,https://registry.puro.earth/issuances
13 Feb 2024,6,"Explocom 1, Lupeni",Accend AS,"Biochar, 2022",100+ years,https://registry.puro.earth/projects/307998,307998,27,https://registry.puro.earth/issuances
13 Feb 2024,409,"Carbon Cycle, 001, Rieden, DE",Accend AS,"Biochar, 2022",100+ years,https://registry.puro.earth/projects/511285,511285,27,https://registry.puro.earth/issuances
13 Feb 2024,281,Carbon Hill,Accend AS,"Biochar, 2022",100+ years,https://registry.puro.earth/projects/712033,712033,27,https://registry.puro.earth/issuances
08 Feb 2024,5395,"Exomad Green, Concepción",Exomad SRL,"Biochar, 2022",100+ years,https://registry.puro.earth/projects/432524,432524,27,https://registry.puro.earth/issuances
25 Jan 2024,8541,Aperam BioEnergia,Aperam Bioenergia Ltda,"Biochar, 2022",100+ years,https://registry.puro.earth/projects/175613,175613,27,https://registry.puro.earth/issuances
25 Jan 2024,134,"Sylva Fertilis, Argentan, FR",Accend AS,"Biochar, 2022",100+ years,https://registry.puro.earth/projects/242171,242171,28,https://registry.puro.earth/issuances
18 Jan 2024,87,"American BioCarbon CT, LLC","American BioCarbon CT, LLC","Biochar, 2022",100+ years,https://registry.puro.earth/projects/543800,543800,28,https://registry.puro.earth/issuances
18 Jan 2024,519,"American BioCarbon CT, LLC","American BioCarbon CT, LLC","Biochar, 2022",100+ years,https://registry.puro.earth/projects/543800,543800,28,https://registry.puro.earth/issuances
12 Jan 2024,15561,Leeds Production Facility,O.C.O Technology Limited,Carbonated Materials,1000+ years,https://registry.puro.earth/projects/625222,625222,28,https://registry.puro.earth/issuances
12 Jan 2024,4608,Brandon Production Facility,O.C.O Technology Limited,Carbonated Materials,1000+ years,https://registry.puro.earth/projects/300346,300346,28,https://registry.puro.earth/issuances
12 Jan 2024,8985,Avonmouth Production Facility,O.C.O Technology Limited,Carbonated Materials,1000+ years,https://registry.puro.earth/projects/756292,756292,28,https://registry.puro.earth/issuances
12 Jan 2024,287,"Carbon Cycle, 001, Rieden, DE",Accend AS,"Biochar, 2022",100+ years,https://registry.puro.earth/projects/511285,511285,28,https://registry.puro.earth/issuances
12 Jan 2024,82,ECOERA Millennium 1 Hammenhög Skånefrö,Ecoera AB,"Biochar, 2022",-,https://registry.puro.earth/projects/706975,706975,28,https://registry.puro.earth/issuances
11 Jan 2024,225,"Nordgau Carbon, Wernberg-Köblitz",Accend AS,"Biochar, 2022",100+ years,https://registry.puro.earth/projects/424545,424545,28,https://registry.puro.earth/issuances
11 Jan 2024,628,Wakefield Biochar Facility 2,Accend AS,"Biochar, 2022",100+ years,https://registry.puro.earth/projects/244045,244045,28,https://registry.puro.earth/issuances
29 Dec 2023,20,"Explocom 1, Lupeni",Accend AS,"Biochar, 2022",100+ years,https://registry.puro.earth/projects/307998,307998,29,https://registry.puro.earth/issuances
29 Dec 2023,100,"Carbon Cycle, 001, Rieden, DE",Accend AS,"Biochar, 2022",100+ years,https://registry.puro.earth/projects/511285,511285,29,https://registry.puro.earth/issuances
29 Dec 2023,481,Oregon Biochar Solutions,Oregon Biochar Solutions LLC,"Biochar, 2022",100+ years,https://registry.puro.earth/projects/753518,753518,29,https://registry.puro.earth/issuances
29 Dec 2023,720,Oregon Biochar Solutions,Oregon Biochar Solutions LLC,"Biochar, 2022",100+ years,https://registry.puro.earth/projects/753518,753518,29,https://registry.puro.earth/issuances
29 Dec 2023,778,Oregon Biochar Solutions,Oregon Biochar Solutions LLC,"Biochar, 2022",100+ years,https://registry.puro.earth/projects/753518,753518,29,https://registry.puro.earth/issuances
29 Dec 2023,323,"Explocom 1, Lupeni",Accend AS,"Biochar, 2022",100+ years,https://registry.puro.earth/projects/307998,307998,29,https://registry.puro.earth/issuances
29 Dec 2023,480,NetZero-002-Lajinha,NetZero,"Biochar, 2022",100+ years,https://registry.puro.earth/projects/141608,141608,29,https://registry.puro.earth/issuances
29 Dec 2023,995,Wakefield Biochar Facility 2,Accend AS,"Biochar, 2022",100+ years,https://registry.puro.earth/projects/244045,244045,29,https://registry.puro.earth/issuances
29 Dec 2023,1473,Wakefield Biochar Facility 2,Accend AS,"Biochar, 2022",100+ years,https://registry.puro.earth/projects/244045,244045,29,https://registry.puro.earth/issuances
29 Dec 2023,2823,Wakefield Biochar Facility 2,Accend AS,"Biochar, 2022",100+ years,https://registry.puro.earth/projects/244045,244045,29,https://registry.puro.earth/issuances
22 Dec 2023,5482,Wakefield Biochar Facility 2,Accend AS,"Biochar, 2022",100+ years,https://registry.puro.earth/projects/244045,244045,30,https://registry.puro.earth/issuances
21 Dec 2023,52,"Sylva Fertilis, Argentan, FR",Accend AS,"Biochar, 2022",100+ years,https://registry.puro.earth/projects/242171,242171,30,https://registry.puro.earth/issuances
15 Dec 2023,2971,"Exomad Green, Concepción",Exomad SRL,"Biochar, 2022",100+ years,https://registry.puro.earth/projects/432524,432524,30,https://registry.puro.earth/issuances
15 Dec 2023,3052,"Exomad Green, Concepción",Exomad SRL,"Biochar, 2022",100+ years,https://registry.puro.earth/projects/432524,432524,30,https://registry.puro.earth/issuances
07 Dec 2023,52,Novocarbo Rhine,Novocarbo GmbH,"Biochar, 2022",100+ years,https://registry.puro.earth/projects/181017,181017,30,https://registry.puro.earth/issuances
07 Dec 2023,32,Novocarbo Ruhr/Tyssenkrupp,Novocarbo GmbH,"Biochar, 2022",100+ years,https://registry.puro.earth/projects/798006,798006,30,https://registry.puro.earth/issuances
07 Dec 2023,189,Carbofex Nokia 1,Carbofex Oy,"Biochar, 2022",100+ years,https://registry.puro.earth/projects/507468,507468,30,https://registry.puro.earth/issuances
24 Nov 2023,191,OBIO Rudshøgda,Accend AS,"Biochar, 2022",100+ years,https://registry.puro.earth/projects/727586,727586,30,https://registry.puro.earth/issuances
23 Nov 2023,98,Novocarbo Ruhr/Tyssenkrupp,Novocarbo GmbH,"Biochar, 2022",100+ years,https://registry.puro.earth/projects/798006,798006,30,https://registry.puro.earth/issuances
16 Nov 2023,101,Novocarbo Rhine,Novocarbo GmbH,"Biochar, 2022",100+ years,https://registry.puro.earth/projects/181017,181017,30,https://registry.puro.earth/issuances
10 Nov 2023,94,Hjelmsäters Egendom,Edvard Hamilton (Hjelmsäters Egendom),"Biochar, 2022",100+ years,https://registry.puro.earth/projects/984723,984723,31,https://registry.puro.earth/issuances
10 Nov 2023,47,Hjelmsäters Egendom,Edvard Hamilton (Hjelmsäters Egendom),"Biochar, 2022",100+ years,https://registry.puro.earth/projects/984723,984723,31,https://registry.puro.earth/issuances
09 Nov 2023,2042,"Exomad Green, Concepción",Exomad SRL,"Biochar, 2022",100+ years,https://registry.puro.earth/projects/432524,432524,31,https://registry.puro.earth/issuances
09 Nov 2023,121,Carbofex Nokia 1,Carbofex Oy,"Biochar, 2022",100+ years,https://registry.puro.earth/projects/507468,507468,31,https://registry.puro.earth/issuances
02 Nov 2023,452,Aperam BioEnergia,Aperam Bioenergia Ltda,"Biochar, 2022",100+ years,https://registry.puro.earth/projects/175613,175613,31,https://registry.puro.earth/issuances
27 Oct 2023,57,Bussme-01-Svedala,Bussme Biochar AB,"Biochar, 2022",100+ years,https://registry.puro.earth/projects/665890,665890,31,https://registry.puro.earth/issuances
27 Oct 2023,32,Bussme-01-Svedala,Bussme Biochar AB,"Biochar, 2022",100+ years,https://registry.puro.earth/projects/665890,665890,31,https://registry.puro.earth/issuances
27 Oct 2023,622,OBIO Rudshøgda,Accend AS,"Biochar, 2022",100+ years,https://registry.puro.earth/projects/727586,727586,31,https://registry.puro.earth/issuances
24 Oct 2023,121,Bussme-01-Svedala,Bussme Biochar AB,"Biochar, 2022",100+ years,https://registry.puro.earth/projects/665890,665890,31,https://registry.puro.earth/issuances
24 Oct 2023,22,Bussme-01-Munka-Ljungby,Bussme Biochar AB,"Biochar, 2022",100+ years,https://registry.puro.earth/projects/299495,299495,31,https://registry.puro.earth/issuances
13 Oct 2023,459,"American BioCarbon CT, LLC","American BioCarbon CT, LLC","Biochar, 2022",100+ years,https://registry.puro.earth/projects/543800,543800,32,https://registry.puro.earth/issuances
12 Oct 2023,75,"Sylva Fertilis, Argentan, FR",Accend AS,"Biochar, 2022",100+ years,https://registry.puro.earth/projects/242171,242171,32,https://registry.puro.earth/issuances
12 Oct 2023,4144,"Exomad Green, Concepción",Exomad SRL,"Biochar, 2022",100+ years,https://registry.puro.earth/projects/432524,432524,32,https://registry.puro.earth/issuances
29 Sept 2023,113,Novocarbo Rhine,Novocarbo GmbH,"Biochar, 2022",100+ years,https://registry.puro.earth/projects/181017,181017,32,https://registry.puro.earth/issuances
28 Sept 2023,156,Novocarbo Rhine,Novocarbo GmbH,"Biochar, 2022",100+ years,https://registry.puro.earth/projects/181017,181017,32,https://registry.puro.earth/issuances
28 Sept 2023,108,Hjelmsäters Egendom,Edvard Hamilton (Hjelmsäters Egendom),"Biochar, 2022",100+ years,https://registry.puro.earth/projects/984723,984723,32,https://registry.puro.earth/issuances
28 Sept 2023,192,OBIO Rudshøgda,Accend AS,"Biochar, 2022",100+ years,https://registry.puro.earth/projects/727586,727586,32,https://registry.puro.earth/issuances
18 Sept 2023,143,"American BioCarbon CT, LLC","American BioCarbon CT, LLC","Biochar, 2022",100+ years,https://registry.puro.earth/projects/543800,543800,32,https://registry.puro.earth/issuances
07 Sept 2023,22,Alcom-01-NuevaEcijaPhilippines,Alcom Carbon Markets Pte Ltd,"Biochar, 2022",100+ years,https://registry.puro.earth/projects/227253,227253,32,https://registry.puro.earth/issuances
07 Sept 2023,30,Novocarbo Ruhr/Tyssenkrupp,Novocarbo GmbH,"Biochar, 2022",100+ years,https://registry.puro.earth/projects/798006,798006,32,https://registry.puro.earth/issuances
07 Sept 2023,170,Carbofex Nokia 1,Carbofex Oy,"Biochar, 2022",100+ years,https://registry.puro.earth/projects/507468,507468,33,https://registry.puro.earth/issuances
31 Aug 2023,559,Oregon Biochar Solutions,Oregon Biochar Solutions LLC,"Biochar, 2022",100+ years,https://registry.puro.earth/projects/753518,753518,33,https://registry.puro.earth/issuances
31 Aug 2023,406,Oregon Biochar Solutions,Oregon Biochar Solutions LLC,"Biochar, 2022",100+ years,https://registry.puro.earth/projects/753518,753518,33,https://registry.puro.earth/issuances
25 Aug 2023,7,Bussme-01-Munka-Ljungby,Bussme Biochar AB,"Biochar, 2022",100+ years,https://registry.puro.earth/projects/299495,299495,33,https://registry.puro.earth/issuances
25 Aug 2023,21,Bussme-01-Munka-Ljungby,Bussme Biochar AB,"Biochar, 2022",100+ years,https://registry.puro.earth/projects/299495,299495,33,https://registry.puro.earth/issuances
25 Aug 2023,25,Bussme-01-Munka-Ljungby,Bussme Biochar AB,"Biochar, 2022",100+ years,https://registry.puro.earth/projects/299495,299495,33,https://registry.puro.earth/issuances
25 Aug 2023,5203,"Exomad Green, Concepción",Exomad SRL,"Biochar, 2022",100+ years,https://registry.puro.earth/projects/432524,432524,33,https://registry.puro.earth/issuances
24 Aug 2023,56,Bussme-01-Munka-Ljungby,Bussme Biochar AB,"Biochar, 2022",100+ years,https://registry.puro.earth/projects/299495,299495,33,https://registry.puro.earth/issuances
18 Aug 2023,1360,Aperam BioEnergia,Aperam Bioenergia Ltda,"Biochar, 2022",100+ years,https://registry.puro.earth/projects/175613,175613,33,https://registry.puro.earth/issuances
10 Aug 2023,3840,"Exomad Green, Concepción",Exomad SRL,"Biochar, 2022",100+ years,https://registry.puro.earth/projects/432524,432524,33,https://registry.puro.earth/issuances
27 Jul 2023,140,Carbon Hill,Accend AS,"Biochar, 2022",100+ years,https://registry.puro.earth/projects/712033,712033,34,https://registry.puro.earth/issuances
20 Jul 2023,2966,Aperam BioEnergia,Aperam Bioenergia Ltda,"Biochar, 2022",100+ years,https://registry.puro.earth/projects/175613,175613,34,https://registry.puro.earth/issuances
06 Jul 2023,40,BC Biocarbon - McBride,BC Biocarbon LTD,"Biochar, 2022",-,https://registry.puro.earth/projects/862421,862421,34,https://registry.puro.earth/issuances
06 Jul 2023,87,Novocarbo Ruhr/Tyssenkrupp,Novocarbo GmbH,"Biochar, 2022",100+ years,https://registry.puro.earth/projects/798006,798006,34,https://registry.puro.earth/issuances
27 Jun 2023,3430,Wakefield Biochar Facility 2,Accend AS,"Biochar, 2022",100+ years,https://registry.puro.earth/projects/244045,244045,34,https://registry.puro.earth/issuances
22 Jun 2023,1570,Wakefield Biochar Facility 2,Accend AS,"Biochar, 2022",100+ years,https://registry.puro.earth/projects/244045,244045,34,https://registry.puro.earth/issuances
22 Jun 2023,162,Carbofex Nokia 1,Carbofex Oy,"Biochar, 2022",100+ years,https://registry.puro.earth/projects/507468,507468,34,https://registry.puro.earth/issuances
16 Jun 2023,2502,Aperam BioEnergia,Aperam Bioenergia Ltda,"Biochar, 2022",100+ years,https://registry.puro.earth/projects/175613,175613,34,https://registry.puro.earth/issuances
16 Jun 2023,58,Novocarbo Ruhr/Tyssenkrupp,Novocarbo GmbH,"Biochar, 2022",100+ years,https://registry.puro.earth/projects/798006,798006,34,https://registry.puro.earth/issuances
16 Jun 2023,6,Wakefield Biochar Facility 1,Accend AS,"Biochar, 2022",100+ years,https://registry.puro.earth/projects/654470,654470,34,https://registry.puro.earth/issuances
16 Jun 2023,153,Wakefield Biochar Facility 1,Accend AS,"Biochar, 2022",100+ years,https://registry.puro.earth/projects/654470,654470,35,https://registry.puro.earth/issuances
15 Jun 2023,1355,"Freres Lumber Co., Inc.",ACT Commodities Inc.,"Biochar, 2022",100+ years,https://registry.puro.earth/projects/133206,133206,35,https://registry.puro.earth/issuances
15 Jun 2023,67,Wakefield Biochar Facility 1,Accend AS,"Biochar, 2022",100+ years,https://registry.puro.earth/projects/654470,654470,35,https://registry.puro.earth/issuances
15 Jun 2023,38,Wakefield Biochar Facility 1,Accend AS,"Biochar, 2022",100+ years,https://registry.puro.earth/projects/654470,654470,35,https://registry.puro.earth/issuances
08 Jun 2023,239,Carbofex Nokia 1,Carbofex Oy,"Biochar, 2022",100+ years,https://registry.puro.earth/projects/507468,507468,35,https://registry.puro.earth/issuances
08 Jun 2023,11,"Sylva Fertilis, Argentan, FR",Accend AS,"Biochar, 2022",100+ years,https://registry.puro.earth/projects/242171,242171,35,https://registry.puro.earth/issuances
02 Jun 2023,34,Novocarbo Ruhr/Tyssenkrupp,Novocarbo GmbH,"Biochar, 2022",100+ years,https://registry.puro.earth/projects/798006,798006,35,https://registry.puro.earth/issuances
02 Jun 2023,360,Oregon Biochar Solutions,Oregon Biochar Solutions LLC,"Biochar, 2022",100+ years,https://registry.puro.earth/projects/753518,753518,35,https://registry.puro.earth/issuances
01 Jun 2023,821,Oregon Biochar Solutions,Oregon Biochar Solutions LLC,"Biochar, 2022",100+ years,https://registry.puro.earth/projects/753518,753518,35,https://registry.puro.earth/issuances
25 May 2023,10578,Aperam BioEnergia,Aperam Bioenergia Ltda,"Biochar, 2022",100+ years,https://registry.puro.earth/projects/175613,175613,35,https://registry.puro.earth/issuances
25 May 2023,840,Aperam BioEnergia,Aperam Bioenergia Ltda,"Biochar, 2022",100+ years,https://registry.puro.earth/projects/175613,175613,36,https://registry.puro.earth/issuances
11 May 2023,117,Novocarbo Rhine,Novocarbo GmbH,"Biochar, 2022",100+ years,https://registry.puro.earth/projects/181017,181017,36,https://registry.puro.earth/issuances
09 May 2023,296,ECOERA Millennium 1 Hammenhög Skånefrö,Ecoera AB,"Biochar, 2022",-,https://registry.puro.earth/projects/706975,706975,36,https://registry.puro.earth/issuances
05 May 2023,153,Carbofex Nokia 1,Carbofex Oy,"Biochar, 2022",100+ years,https://registry.puro.earth/projects/507468,507468,36,https://registry.puro.earth/issuances
26 Apr 2023,110,Carbofex Nokia 1,Carbofex Oy,"Biochar, 2022",100+ years,https://registry.puro.earth/projects/507468,507468,36,https://registry.puro.earth/issuances
20 Apr 2023,39,"Sylva Fertilis, Argentan, FR",Accend AS,"Biochar, 2022",100+ years,https://registry.puro.earth/projects/242171,242171,36,https://registry.puro.earth/issuances
20 Apr 2023,421,Carbofex Nokia 1,Carbofex Oy,"Biochar, 2022",100+ years,https://registry.puro.earth/projects/507468,507468,36,https://registry.puro.earth/issuances
17 Apr 2023,26,Wakefield Biochar Facility 1,Accend AS,"Biochar, 2022",100+ years,https://registry.puro.earth/projects/654470,654470,36,https://registry.puro.earth/issuances
17 Apr 2023,298,Wakefield Biochar Facility 1,Accend AS,"Biochar, 2022",100+ years,https://registry.puro.earth/projects/654470,654470,36,https://registry.puro.earth/issuances
06 Apr 2023,47,Sonnenerde Pyreg 500,Sonnenerde GmbH,"Biochar, 2022",100+ years,https://registry.puro.earth/projects/951479,951479,36,https://registry.puro.earth/issuances
28 Mar 2023,63,Carbon Hill,Accend AS,"Biochar, 2022",100+ years,https://registry.puro.earth/projects/712033,712033,37,https://registry.puro.earth/issuances
23 Mar 2023,39,"Sylva Fertilis, Argentan, FR",Accend AS,"Biochar, 2022",100+ years,https://registry.puro.earth/projects/242171,242171,37,https://registry.puro.earth/issuances
21 Mar 2023,39,Glanris,Accend AS,"Biochar, 2022",100+ years,https://registry.puro.earth/projects/375603,375603,37,https://registry.puro.earth/issuances
16 Mar 2023,165,Wakefield Biochar Facility 1,Accend AS,"Biochar, 2022",100+ years,https://registry.puro.earth/projects/654470,654470,37,https://registry.puro.earth/issuances
16 Mar 2023,190,Wakefield Biochar Facility 1,Accend AS,"Biochar, 2022",100+ years,https://registry.puro.earth/projects/654470,654470,37,https://registry.puro.earth/issuances
16 Mar 2023,578,Oregon Biochar Solutions,Oregon Biochar Solutions LLC,"Biochar, 2022",100+ years,https://registry.puro.earth/projects/753518,753518,37,https://registry.puro.earth/issuances
02 Mar 2023,9195,Leeds Production Facility,O.C.O Technology Limited,Carbonated Materials,1000+ years,https://registry.puro.earth/projects/625222,625222,37,https://registry.puro.earth/issuances
02 Mar 2023,3640,Brandon Production Facility,O.C.O Technology Limited,Carbonated Materials,1000+ years,https://registry.puro.earth/projects/300346,300346,37,https://registry.puro.earth/issuances
02 Mar 2023,5920,Avonmouth Production Facility,O.C.O Technology Limited,Carbonated Materials,1000+ years,https://registry.puro.earth/projects/756292,756292,37,https://registry.puro.earth/issuances
27 Feb 2023,506,Oregon Biochar Solutions,Oregon Biochar Solutions LLC,"Biochar, 2022",100+ years,https://registry.puro.earth/projects/753518,753518,37,https://registry.puro.earth/issuances
23 Feb 2023,43,Glanris,Accend AS,"Biochar, 2022",100+ years,https://registry.puro.earth/projects/375603,375603,38,https://registry.puro.earth/issuances
16 Feb 2023,50,"Premier Forest, Newport",Accend AS,"Biochar, 2022",-,https://registry.puro.earth/projects/916484,916484,38,https://registry.puro.earth/issuances
09 Feb 2023,467,"Nordgau Carbon, Wernberg-Köblitz",Accend AS,"Biochar, 2022",100+ years,https://registry.puro.earth/projects/424545,424545,38,https://registry.puro.earth/issuances
09 Feb 2023,62,"Nordgau Carbon, Wernberg-Köblitz",Accend AS,"Biochar, 2022",100+ years,https://registry.puro.earth/projects/424545,424545,38,https://registry.puro.earth/issuances
09 Feb 2023,80,Jeffries Group,L.F Jeffries Nominees Pty. Ltd t/aJeffries Group,"Biochar, 2022",-,https://registry.puro.earth/projects/114352,114352,38,https://registry.puro.earth/issuances
09 Feb 2023,34,"Sylva Fertilis, Argentan, FR",Accend AS,"Biochar, 2022",100+ years,https://registry.puro.earth/projects/242171,242171,38,https://registry.puro.earth/issuances
02 Feb 2023,161,Novocarbo Rhine,Novocarbo GmbH,"Biochar, 2022",100+ years,https://registry.puro.earth/projects/181017,181017,38,https://registry.puro.earth/issuances
02 Feb 2023,111,"Sylva Fertilis, Argentan, FR",Accend AS,"Biochar, 2022",100+ years,https://registry.puro.earth/projects/242171,242171,38,https://registry.puro.earth/issuances
02 Feb 2023,720,"Freres Lumber Co., Inc.",ACT Commodities Inc.,"Biochar, 2022",100+ years,https://registry.puro.earth/projects/133206,133206,38,https://registry.puro.earth/issuances
30 Jan 2023,34214,Igloo Cellulose Inc.,Carbonapp,Wooden Building Elements,-,https://registry.puro.earth/projects/123804,123804,38,https://registry.puro.earth/issuances
30 Jan 2023,29,Bussme-01-Munka-Ljungby,Bussme Biochar AB,"Biochar, 2022",-,https://registry.puro.earth/projects/299495,299495,39,https://registry.puro.earth/issuances
30 Jan 2023,71,Bussme-01-Svedala,Bussme Biochar AB,"Biochar, 2022",-,https://registry.puro.earth/projects/665890,665890,39,https://registry.puro.earth/issuances
27 Jan 2023,521,"Freres Lumber Co., Inc.",ACT Commodities Inc.,"Biochar, 2022",100+ years,https://registry.puro.earth/projects/133206,133206,39,https://registry.puro.earth/issuances
26 Jan 2023,210,OBIO Rudshøgda,Accend AS,"Biochar, 2022",-,https://registry.puro.earth/projects/727586,727586,39,https://registry.puro.earth/issuances
26 Jan 2023,879,Wakefield Biochar Facility 1,Accend AS,"Biochar, 2022",100+ years,https://registry.puro.earth/projects/654470,654470,39,https://registry.puro.earth/issuances
26 Jan 2023,1602,Wakefield Biochar Facility 1,Accend AS,"Biochar, 2022",100+ years,https://registry.puro.earth/projects/654470,654470,39,https://registry.puro.earth/issuances
26 Jan 2023,231,"Carbon Cycle, 001, Rieden, DE",Accend AS,"Biochar, 2022",100+ years,https://registry.puro.earth/projects/511285,511285,39,https://registry.puro.earth/issuances
26 Jan 2023,342,Douglas County Forest Products,ACT Commodities Inc.,"Biochar, 2022",-,https://registry.puro.earth/projects/992402,992402,39,https://registry.puro.earth/issuances
13 Jan 2023,30,"American BioCarbon CT, LLC","American BioCarbon CT, LLC","Biochar, 2022",100+ years,https://registry.puro.earth/projects/543800,543800,39,https://registry.puro.earth/issuances
12 Jan 2023,33,V-Grid (c/o South Corner Dairy),V-Grid Energy Systems,"Biochar, 2022",100+ years,https://registry.puro.earth/projects/472483,472483,39,https://registry.puro.earth/issuances
30 Dec 2022,5592,"Moelven Limtre, Moelv",Accend AS,Wooden Building Elements,-,https://registry.puro.earth/projects/350917,350917,40,https://registry.puro.earth/issuances
30 Dec 2022,4695,"Are Treindustrier, Norway",Accend AS,Wooden Building Elements,-,https://registry.puro.earth/projects/310958,310958,40,https://registry.puro.earth/issuances
22 Dec 2022,384,"Carbon Cycle, 001, Rieden, DE",Accend AS,"Biochar, 2022",100+ years,https://registry.puro.earth/projects/511285,511285,40,https://registry.puro.earth/issuances
22 Dec 2022,231,ECHO2 Holla-Fresh,Rainbow Bee Eater Pty Ltd,"Biochar, 2022",100+ years,https://registry.puro.earth/projects/767851,767851,40,https://registry.puro.earth/issuances
21 Dec 2022,1102,Ekovilla 3 Ylistaro,Eco Up Oyj,Wooden Building Elements,-,https://registry.puro.earth/projects/220156,220156,40,https://registry.puro.earth/issuances
21 Dec 2022,5270,Ekovilla 2 Kuusankoski,Eco Up Oyj,Wooden Building Elements,-,https://registry.puro.earth/projects/926954,926954,40,https://registry.puro.earth/issuances
21 Dec 2022,6183,Ekovilla 1 Kiiminki,Eco Up Oyj,Wooden Building Elements,-,https://registry.puro.earth/projects/522433,522433,40,https://registry.puro.earth/issuances
20 Dec 2022,6585,Soilfood-1-Finland,Soilfood Oy,Soil Amendment,20+ years,https://registry.puro.earth/projects/785725,785725,40,https://registry.puro.earth/issuances
16 Dec 2022,185,Carbon Hill,Accend AS,"Biochar, 2022",100+ years,https://registry.puro.earth/projects/712033,712033,40,https://registry.puro.earth/issuances
08 Dec 2022,3613,Aperam BioEnergia,Aperam Bioenergia Ltda,"Biochar, 2022",100+ years,https://registry.puro.earth/projects/175613,175613,40,https://registry.puro.earth/issuances
30 Nov 2022,584,Oregon Biochar Solutions,Oregon Biochar Solutions LLC,"Biochar, 2022",100+ years,https://registry.puro.earth/projects/753518,753518,41,https://registry.puro.earth/issuances
24 Nov 2022,109,V-Grid (c/o South Corner Dairy),V-Grid Energy Systems,"Biochar, 2022",100+ years,https://registry.puro.earth/projects/472483,472483,41,https://registry.puro.earth/issuances
24 Nov 2022,485,Douglas County Forest Products,ACT Commodities Inc.,"Biochar, 2022",-,https://registry.puro.earth/projects/992402,992402,41,https://registry.puro.earth/issuances
18 Nov 2022,582,"Freres Lumber Co., Inc.",ACT Commodities Inc.,"Biochar, 2022",100+ years,https://registry.puro.earth/projects/133206,133206,41,https://registry.puro.earth/issuances
10 Nov 2022,28,Bussme-01-Munka-Ljungby,Bussme Biochar AB,"Biochar, 2022",-,https://registry.puro.earth/projects/299495,299495,41,https://registry.puro.earth/issuances
10 Nov 2022,108,Bussme-01-Svedala,Bussme Biochar AB,"Biochar, 2022",-,https://registry.puro.earth/projects/665890,665890,41,https://registry.puro.earth/issuances
03 Nov 2022,1486,"Freres Lumber Co., Inc.",ACT Commodities Inc.,"Biochar, 2022",100+ years,https://registry.puro.earth/projects/133206,133206,41,https://registry.puro.earth/issuances
31 Oct 2022,23820,Wakefield Biochar Facility 2,Accend AS,"Biochar, 2022",100+ years,https://registry.puro.earth/projects/244045,244045,41,https://registry.puro.earth/issuances
27 Oct 2022,184,NetZero-001-Nkongsamba,NetZero,"Biochar, 2022",100+ years,https://registry.puro.earth/projects/641719,641719,41,https://registry.puro.earth/issuances
20 Oct 2022,62,Bussme-01-Svedala,Bussme Biochar AB,"Biochar, 2022",-,https://registry.puro.earth/projects/665890,665890,41,https://registry.puro.earth/issuances
20 Oct 2022,226,OBIO Rudshøgda,Accend AS,"Biochar, 2022",-,https://registry.puro.earth/projects/727586,727586,42,https://registry.puro.earth/issuances
20 Oct 2022,45,Hjelmsäters Egendom,Edvard Hamilton (Hjelmsäters Egendom),"Biochar, 2022",-,https://registry.puro.earth/projects/984723,984723,42,https://registry.puro.earth/issuances
04 Oct 2022,23,"Premier Forest, Newport",Accend AS,"Biochar, 2022",-,https://registry.puro.earth/projects/916484,916484,42,https://registry.puro.earth/issuances
04 Oct 2022,528,Douglas County Forest Products,ACT Commodities Inc.,"Biochar, 2022",-,https://registry.puro.earth/projects/992402,992402,42,https://registry.puro.earth/issuances
27 Sept 2022,1961,"Freres Lumber Co., Inc.",ACT Commodities Inc.,"Biochar, 2022",100+ years,https://registry.puro.earth/projects/133206,133206,42,https://registry.puro.earth/issuances
27 Sept 2022,98,"Freres Lumber Co., Inc.",ACT Commodities Inc.,"Biochar, 2022",-,https://registry.puro.earth/projects/133206,133206,42,https://registry.puro.earth/issuances
15 Sept 2022,143,Bussme-01-Svedala,Bussme Biochar AB,"Biochar, 2022",-,https://registry.puro.earth/projects/665890,665890,42,https://registry.puro.earth/issuances
15 Sept 2022,23,Bussme-01-Munka-Ljungby,Bussme Biochar AB,"Biochar, 2022",-,https://registry.puro.earth/projects/299495,299495,42,https://registry.puro.earth/issuances
01 Sept 2022,4261,A. James - 50370 Brecey,Carbonapp,Wooden Building Elements,-,https://registry.puro.earth/projects/181856,181856,42,https://registry.puro.earth/issuances
01 Sept 2022,29,V-Grid Energy Systems,V-Grid Energy Systems,"Biochar, 2022",100+ years,https://registry.puro.earth/projects/672804,672804,42,https://registry.puro.earth/issuances
01 Sept 2022,240,V-Grid (c/o South Corner Dairy),V-Grid Energy Systems,"Biochar, 2022",100+ years,https://registry.puro.earth/projects/472483,472483,43,https://registry.puro.earth/issuances
25 Aug 2022,689,Ekovilla 3 Ylistaro,Eco Up Oyj,Wooden Building Elements,-,https://registry.puro.earth/projects/220156,220156,43,https://registry.puro.earth/issuances
25 Aug 2022,4931,Ekovilla 2 Kuusankoski,Eco Up Oyj,Wooden Building Elements,-,https://registry.puro.earth/projects/926954,926954,43,https://registry.puro.earth/issuances
25 Aug 2022,5082,Ekovilla 1 Kiiminki,Eco Up Oyj,Wooden Building Elements,-,https://registry.puro.earth/projects/522433,522433,43,https://registry.puro.earth/issuances
23 Aug 2022,621,Douglas County Forest Products,ACT Commodities Inc.,"Biochar, 2022",-,https://registry.puro.earth/projects/992402,992402,43,https://registry.puro.earth/issuances
22 Aug 2022,20,ECHO2 Holla-Fresh,Rainbow Bee Eater Pty Ltd,"Biochar, 2022",-,https://registry.puro.earth/projects/767851,767851,43,https://registry.puro.earth/issuances
05 Aug 2022,61,Novocarbo Rhine,Novocarbo GmbH,"Biochar, 2022",-,https://registry.puro.earth/projects/181017,181017,43,https://registry.puro.earth/issuances
04 Aug 2022,60,Bussme-01-Svedala,Bussme Biochar AB,"Biochar, 2022",-,https://registry.puro.earth/projects/665890,665890,43,https://registry.puro.earth/issuances
04 Aug 2022,38,Bussme-01-Munka-Ljungby,Bussme Biochar AB,"Biochar, 2022",-,https://registry.puro.earth/projects/299495,299495,43,https://registry.puro.earth/issuances
04 Aug 2022,71,"Nordgau Carbon, Wernberg-Köblitz",Accend AS,"Biochar, 2022",-,https://registry.puro.earth/projects/424545,424545,43,https://registry.puro.earth/issuances
25 Jul 2022,266,Oregon Biochar Solutions,Oregon Biochar Solutions LLC,"Biochar, 2022",100+ years,https://registry.puro.earth/projects/753518,753518,44,https://registry.puro.earth/issuances
15 Jul 2022,289,Oregon Biochar Solutions,Oregon Biochar Solutions LLC,"Biochar, 2022",100+ years,https://registry.puro.earth/projects/753518,753518,44,https://registry.puro.earth/issuances
14 Jul 2022,232,Oregon Biochar Solutions,Oregon Biochar Solutions LLC,"Biochar, 2022",-,https://registry.puro.earth/projects/753518,753518,44,https://registry.puro.earth/issuances
08 Jul 2022,557,Douglas County Forest Products,ACT Commodities Inc.,"Biochar, 2022",-,https://registry.puro.earth/projects/992402,992402,44,https://registry.puro.earth/issuances
08 Jul 2022,42,Hjelmsäters Egendom,Edvard Hamilton (Hjelmsäters Egendom),"Biochar, 2022",-,https://registry.puro.earth/projects/984723,984723,44,https://registry.puro.earth/issuances
07 Jul 2022,317,Carbofex 1 Hiedanranta,Carbofex Oy,"Biochar, 2022",-,https://registry.puro.earth/projects/911942,911942,44,https://registry.puro.earth/issuances
07 Jul 2022,85,Jeffries Group,L.F Jeffries Nominees Pty. Ltd t/aJeffries Group,"Biochar, 2022",-,https://registry.puro.earth/projects/114352,114352,44,https://registry.puro.earth/issuances
07 Jul 2022,47600,"Noritec, Stall im Mölltal, Austria",Accend AS,Wooden Building Elements,-,https://registry.puro.earth/projects/928755,928755,44,https://registry.puro.earth/issuances
30 Jun 2022,164,OBIO Rudshøgda,Accend AS,"Biochar, 2022",-,https://registry.puro.earth/projects/727586,727586,44,https://registry.puro.earth/issuances
30 Jun 2022,153,Bussme-01-Munka-Ljungby,Bussme Biochar AB,"Biochar, 2022",-,https://registry.puro.earth/projects/299495,299495,44,https://registry.puro.earth/issuances
30 Jun 2022,37,Bussme-01-Munka-Ljungby,Bussme Biochar AB,"Biochar, 2022",-,https://registry.puro.earth/projects/299495,299495,45,https://registry.puro.earth/issuances
30 Jun 2022,395,Bussme-01-Svedala,Bussme Biochar AB,"Biochar, 2022",-,https://registry.puro.earth/projects/665890,665890,45,https://registry.puro.earth/issuances
15 Jun 2022,30,"Explocom 1, Lupeni",Accend AS,"Biochar, 2022",-,https://registry.puro.earth/projects/307998,307998,45,https://registry.puro.earth/issuances
15 Jun 2022,69,"Explocom 1, Lupeni",Accend AS,"Biochar, 2022",-,https://registry.puro.earth/projects/307998,307998,45,https://registry.puro.earth/issuances
15 Jun 2022,27,"Sylva Fertilis, Argentan, FR",Accend AS,"Biochar, 2022",-,https://registry.puro.earth/projects/242171,242171,45,https://registry.puro.earth/issuances
15 Jun 2022,360,Douglas County Forest Products,ACT Commodities Inc.,"Biochar, 2022",-,https://registry.puro.earth/projects/992402,992402,45,https://registry.puro.earth/issuances
15 Jun 2022,379,Carbofex 1 Hiedanranta,Carbofex Oy,"Biochar, 2022",-,https://registry.puro.earth/projects/911942,911942,45,https://registry.puro.earth/issuances
09 Jun 2022,37,BC Biocarbon - McBride,BC Biocarbon LTD,"Biochar, 2022",-,https://registry.puro.earth/projects/862421,862421,45,https://registry.puro.earth/issuances
09 Jun 2022,400,ECHO2 Holla-Fresh,Rainbow Bee Eater Pty Ltd,"Biochar, 2022",-,https://registry.puro.earth/projects/767851,767851,45,https://registry.puro.earth/issuances
09 Jun 2022,4,ECHO2 Holla-Fresh,Rainbow Bee Eater Pty Ltd,"Biochar, 2022",-,https://registry.puro.earth/projects/767851,767851,45,https://registry.puro.earth/issuances
09 Jun 2022,234,"Carbon Cycle, 001, Rieden, DE",Accend AS,"Biochar, 2022",-,https://registry.puro.earth/projects/511285,511285,46,https://registry.puro.earth/issuances
02 Jun 2022,19,Bella Biochar Corporation,Bella Biochar Corporation,"Biochar, 2022",100+ years,https://registry.puro.earth/projects/157033,157033,46,https://registry.puro.earth/issuances
20 May 2022,460,Aperam BioEnergia,Aperam Bioenergia Ltda,"Biochar, 2022",100+ years,https://registry.puro.earth/projects/175613,175613,46,https://registry.puro.earth/issuances
20 May 2022,31,Pyrocal - Wellcamp,Pyrocal Pty Ltd,"Biochar, 2022",-,https://registry.puro.earth/projects/569274,569274,46,https://registry.puro.earth/issuances
19 May 2022,52,Sonnenerde Pyreg 500,Sonnenerde GmbH,"Biochar, 2022",-,https://registry.puro.earth/projects/951479,951479,46,https://registry.puro.earth/issuances
12 May 2022,1685,Douglas County Forest Products,ACT Commodities Inc.,"Biochar, 2022",-,https://registry.puro.earth/projects/992402,992402,46,https://registry.puro.earth/issuances
05 May 2022,12250,SAS OUATTITUDE,Carbonapp,Wooden Building Elements,-,https://registry.puro.earth/projects/432365,432365,46,https://registry.puro.earth/issuances
05 May 2022,20347,Igloo France Cellulose,Carbonapp,Wooden Building Elements,-,https://registry.puro.earth/projects/438730,438730,46,https://registry.puro.earth/issuances
29 Apr 2022,231,OBIO Rudshøgda,Accend AS,"Biochar, 2022",-,https://registry.puro.earth/projects/727586,727586,46,https://registry.puro.earth/issuances
28 Apr 2022,3657,"Moelven Limtre, Agder",Accend AS,Wooden Building Elements,-,https://registry.puro.earth/projects/847673,847673,46,https://registry.puro.earth/issuances
28 Apr 2022,12581,"Moelven Limtre, Moelv",Accend AS,Wooden Building Elements,-,https://registry.puro.earth/projects/350917,350917,47,https://registry.puro.earth/issuances
28 Apr 2022,3915,"Are Treindustrier, Norway",Accend AS,Wooden Building Elements,-,https://registry.puro.earth/projects/310958,310958,47,https://registry.puro.earth/issuances
22 Apr 2022,673,Lapwall Factory 2,LapWall Oyj,Wooden Building Elements,-,https://registry.puro.earth/projects/329175,329175,47,https://registry.puro.earth/issuances
22 Apr 2022,2297,Lapwall Factory 1,LapWall Oyj,Wooden Building Elements,-,https://registry.puro.earth/projects/134828,134828,47,https://registry.puro.earth/issuances
22 Apr 2022,1094,Ekovilla 3 Ylistaro,Eco Up Oyj,Wooden Building Elements,-,https://registry.puro.earth/projects/220156,220156,47,https://registry.puro.earth/issuances
22 Apr 2022,3872,Ekovilla 2 Kuusankoski,Eco Up Oyj,Wooden Building Elements,-,https://registry.puro.earth/projects/926954,926954,47,https://registry.puro.earth/issuances
22 Apr 2022,5301,Ekovilla 1 Kiiminki,Eco Up Oyj,Wooden Building Elements,-,https://registry.puro.earth/projects/522433,522433,47,https://registry.puro.earth/issuances
21 Apr 2022,442,"Freres Lumber Co., Inc.",ACT Commodities Inc.,"Biochar, 2022",-,https://registry.puro.earth/projects/133206,133206,47,https://registry.puro.earth/issuances
07 Apr 2022,69,"Sylva Fertilis, Argentan, FR",Accend AS,"Biochar, 2022",-,https://registry.puro.earth/projects/242171,242171,47,https://registry.puro.earth/issuances
01 Apr 2022,662,Aperam BioEnergia,Aperam Bioenergia Ltda,"Biochar, 2022",100+ years,https://registry.puro.earth/projects/175613,175613,47,https://registry.puro.earth/issuances
31 Mar 2022,129,Novocarbo Rhine,Novocarbo GmbH,"Biochar, 2022",-,https://registry.puro.earth/projects/181017,181017,48,https://registry.puro.earth/issuances
25 Mar 2022,87,Hjelmsäters Egendom,Edvard Hamilton (Hjelmsäters Egendom),"Biochar, 2022",-,https://registry.puro.earth/projects/984723,984723,48,https://registry.puro.earth/issuances
25 Mar 2022,2,Hjelmsäters Egendom,Edvard Hamilton (Hjelmsäters Egendom),"Biochar, 2022",-,https://registry.puro.earth/projects/984723,984723,48,https://registry.puro.earth/issuances
23 Mar 2022,299,"Premier Forest, Newport",Accend AS,"Biochar, 2022",-,https://registry.puro.earth/projects/916484,916484,48,https://registry.puro.earth/issuances
23 Mar 2022,550,Pyrocal - Whitton,Pyrocal Pty Ltd,"Biochar, 2022",-,https://registry.puro.earth/projects/519265,519265,48,https://registry.puro.earth/issuances
18 Mar 2022,500,"Freres Lumber Co., Inc.",ACT Commodities Inc.,"Biochar, 2022",-,https://registry.puro.earth/projects/133206,133206,48,https://registry.puro.earth/issuances
02 Mar 2022,70,Pyrocal - Wellcamp,Pyrocal Pty Ltd,"Biochar, 2022",-,https://registry.puro.earth/projects/569274,569274,48,https://registry.puro.earth/issuances
02 Mar 2022,8212,Douglas County Forest Products,ACT Commodities Inc.,"Biochar, 2022",-,https://registry.puro.earth/projects/992402,992402,48,https://registry.puro.earth/issuances
28 Feb 2022,83,Carbofex 1 Hiedanranta,Carbofex Oy,"Biochar, 2022",-,https://registry.puro.earth/projects/911942,911942,48,https://registry.puro.earth/issuances
17 Feb 2022,130,"Nordgau Carbon, Wernberg-Köblitz",Accend AS,"Biochar, 2022",-,https://registry.puro.earth/projects/424545,424545,48,https://registry.puro.earth/issuances
17 Feb 2022,428,"Freres Lumber Co., Inc.",ACT Commodities Inc.,"Biochar, 2022",-,https://registry.puro.earth/projects/133206,133206,49,https://registry.puro.earth/issuances
03 Feb 2022,508,BASNA d.o.o.,Basna d.o.o.,"Biochar, 2022",-,https://registry.puro.earth/projects/957051,957051,49,https://registry.puro.earth/issuances
03 Feb 2022,108,Carbofex 1 Hiedanranta,Carbofex Oy,"Biochar, 2022",-,https://registry.puro.earth/projects/911942,911942,49,https://registry.puro.earth/issuances
13 Jan 2022,171,Bussme-01-Svedala,Bussme Biochar AB,"Biochar, 2022",-,https://registry.puro.earth/projects/665890,665890,49,https://registry.puro.earth/issuances
13 Jan 2022,587,"Freres Lumber Co., Inc.",ACT Commodities Inc.,"Biochar, 2022",-,https://registry.puro.earth/projects/133206,133206,49,https://registry.puro.earth/issuances
13 Jan 2022,231,Oregon Biochar Solutions,Oregon Biochar Solutions LLC,"Biochar, 2022",-,https://registry.puro.earth/projects/753518,753518,49,https://registry.puro.earth/issuances
07 Jan 2022,84,Carbofex 1 Hiedanranta,Carbofex Oy,"Biochar, 2022",-,https://registry.puro.earth/projects/911942,911942,49,https://registry.puro.earth/issuances
30 Dec 2021,21,Sonnenerde Pyreg 500,Sonnenerde GmbH,"Biochar, 2022",-,https://registry.puro.earth/projects/951479,951479,49,https://registry.puro.earth/issuances
30 Dec 2021,113,Novocarbo Rhine,Novocarbo GmbH,"Biochar, 2022",-,https://registry.puro.earth/projects/181017,181017,49,https://registry.puro.earth/issuances
30 Dec 2021,122,Novocarbo Rhine,Novocarbo GmbH,"Biochar, 2022",-,https://registry.puro.earth/projects/181017,181017,49,https://registry.puro.earth/issuances
21 Dec 2021,314,ECOERA Millennium 1 Hammenhög Skånefrö,Ecoera AB,"Biochar, 2022",-,https://registry.puro.earth/projects/706975,706975,50,https://registry.puro.earth/issuances
17 Dec 2021,54,Carbofex 1 Hiedanranta,Carbofex Oy,"Biochar, 2022",-,https://registry.puro.earth/projects/911942,911942,50,https://registry.puro.earth/issuances
17 Dec 2021,237,Bussme-01-Svedala,Bussme Biochar AB,"Biochar, 2022",-,https://registry.puro.earth/projects/665890,665890,50,https://registry.puro.earth/issuances
15 Dec 2021,1290,"Freres Lumber Co., Inc.",ACT Commodities Inc.,"Biochar, 2022",-,https://registry.puro.earth/projects/133206,133206,50,https://registry.puro.earth/issuances
07 Dec 2021,267,"Carbon Cycle, 001, Rieden, DE",Accend AS,"Biochar, 2022",-,https://registry.puro.earth/projects/511285,511285,50,https://registry.puro.earth/issuances
22 Nov 2021,185,"Sylva Fertilis, Argentan, FR",Accend AS,"Biochar, 2022",-,https://registry.puro.earth/projects/242171,242171,50,https://registry.puro.earth/issuances
18 Nov 2021,208,Sonnenerde Pyreg 500,Sonnenerde GmbH,"Biochar, 2022",-,https://registry.puro.earth/projects/951479,951479,50,https://registry.puro.earth/issuances
12 Nov 2021,73,"Nordgau Carbon, Wernberg-Köblitz",Accend AS,"Biochar, 2022",-,https://registry.puro.earth/projects/424545,424545,50,https://registry.puro.earth/issuances
08 Nov 2021,87,Carbofex 1 Hiedanranta,Carbofex Oy,"Biochar, 2022",-,https://registry.puro.earth/projects/911942,911942,50,https://registry.puro.earth/issuances
28 Oct 2021,178,Bussme-01-Svedala,Bussme Biochar AB,"Biochar, 2022",-,https://registry.puro.earth/projects/665890,665890,50,https://registry.puro.earth/issuances
28 Oct 2021,49,Bussme-01-Svedala,Bussme Biochar AB,"Biochar, 2022",-,https://registry.puro.earth/projects/665890,665890,51,https://registry.puro.earth/issuances
28 Oct 2021,859,Oregon Biochar Solutions,Oregon Biochar Solutions LLC,"Biochar, 2022",-,https://registry.puro.earth/projects/753518,753518,51,https://registry.puro.earth/issuances
08 Oct 2021,2166,"Freres Lumber Co., Inc.",ACT Commodities Inc.,"Biochar, 2022",-,https://registry.puro.earth/projects/133206,133206,51,https://registry.puro.earth/issuances
06 Oct 2021,92,Hjelmsäters Egendom,Edvard Hamilton (Hjelmsäters Egendom),"Biochar, 2022",-,https://registry.puro.earth/projects/984723,984723,51,https://registry.puro.earth/issuances
06 Oct 2021,116,Carbofex 1 Hiedanranta,Carbofex Oy,"Biochar, 2022",-,https://registry.puro.earth/projects/911942,911942,51,https://registry.puro.earth/issuances
23 Sept 2021,1149,Lapwall Factory 2,LapWall Oyj,Wooden Building Elements,-,https://registry.puro.earth/projects/329175,329175,51,https://registry.puro.earth/issuances
23 Sept 2021,4278,Lapwall Factory 1,LapWall Oyj,Wooden Building Elements,-,https://registry.puro.earth/projects/134828,134828,51,https://registry.puro.earth/issuances
08 Sept 2021,20,Bussme-01-Svedala,Bussme Biochar AB,"Biochar, 2022",-,https://registry.puro.earth/projects/665890,665890,51,https://registry.puro.earth/issuances
08 Sept 2021,116,Carbofex 1 Hiedanranta,Carbofex Oy,"Biochar, 2022",-,https://registry.puro.earth/projects/911942,911942,51,https://registry.puro.earth/issuances
08 Sept 2021,349,Ekovilla 3 Ylistaro,Eco Up Oyj,Wooden Building Elements,-,https://registry.puro.earth/projects/220156,220156,51,https://registry.puro.earth/issuances
08 Sept 2021,4013,Ekovilla 2 Kuusankoski,Eco Up Oyj,Wooden Building Elements,-,https://registry.puro.earth/projects/926954,926954,52,https://registry.puro.earth/issuances
08 Sept 2021,5206,Ekovilla 1 Kiiminki,Eco Up Oyj,Wooden Building Elements,-,https://registry.puro.earth/projects/522433,522433,52,https://registry.puro.earth/issuances
24 Aug 2021,129,Carbofex 1 Hiedanranta,Carbofex Oy,"Biochar, 2022",-,https://registry.puro.earth/projects/911942,911942,52,https://registry.puro.earth/issuances
24 Aug 2021,116,"Nordgau Carbon, Wernberg-Köblitz",Accend AS,"Biochar, 2022",-,https://registry.puro.earth/projects/424545,424545,52,https://registry.puro.earth/issuances
24 Aug 2021,87,"Carbon Cycle, 001, Rieden, DE",Accend AS,"Biochar, 2022",-,https://registry.puro.earth/projects/511285,511285,52,https://registry.puro.earth/issuances
24 Aug 2021,7821,"Freres Lumber Co., Inc.",ACT Commodities Inc.,"Biochar, 2022",-,https://registry.puro.earth/projects/133206,133206,52,https://registry.puro.earth/issuances
28 Jul 2021,24,Hjelmsäters Egendom,Edvard Hamilton (Hjelmsäters Egendom),"Biochar, 2022",-,https://registry.puro.earth/projects/984723,984723,52,https://registry.puro.earth/issuances
09 Jul 2021,81,Carbofex 1 Hiedanranta,Carbofex Oy,"Biochar, 2022",-,https://registry.puro.earth/projects/911942,911942,52,https://registry.puro.earth/issuances
09 Jul 2021,19,Bussme-01-Svedala,Bussme Biochar AB,"Biochar, 2022",-,https://registry.puro.earth/projects/665890,665890,52,https://registry.puro.earth/issuances
09 Jul 2021,13644,"Are Treindustrier, Norway",Accend AS,Wooden Building Elements,-,https://registry.puro.earth/projects/310958,310958,52,https://registry.puro.earth/issuances
08 Jul 2021,5691,Soilfood-1-Finland,Soilfood Oy,Soil Amendment,20+ years,https://registry.puro.earth/projects/785725,785725,53,https://registry.puro.earth/issuances
24 Jun 2021,65,"Carbon Cycle, 001, Rieden, DE",Accend AS,"Biochar, 2022",-,https://registry.puro.earth/projects/511285,511285,53,https://registry.puro.earth/issuances
22 Jun 2021,33,Carbofex 1 Hiedanranta,Carbofex Oy,"Biochar, 2022",-,https://registry.puro.earth/projects/911942,911942,53,https://registry.puro.earth/issuances
21 Jun 2021,324,Carbofex 1 Hiedanranta,Carbofex Oy,"Biochar, 2022",-,https://registry.puro.earth/projects/911942,911942,53,https://registry.puro.earth/issuances
21 Jun 2021,3464,Oregon Biochar Solutions,Oregon Biochar Solutions LLC,"Biochar, 2022",-,https://registry.puro.earth/projects/753518,753518,53,https://registry.puro.earth/issuances
14 Jun 2021,395,"Carbon Cycle, 001, Rieden, DE",Accend AS,"Biochar, 2022",-,https://registry.puro.earth/projects/511285,511285,53,https://registry.puro.earth/issuances
09 Jun 2021,75,Bussme-01-Svedala,Bussme Biochar AB,"Biochar, 2022",-,https://registry.puro.earth/projects/665890,665890,53,https://registry.puro.earth/issuances
09 Jun 2021,72,Hjelmsäters Egendom,Edvard Hamilton (Hjelmsäters Egendom),"Biochar, 2022",-,https://registry.puro.earth/projects/984723,984723,53,https://registry.puro.earth/issuances
28 May 2021,281,Ekovilla 3 Ylistaro,Eco Up Oyj,Wooden Building Elements,-,https://registry.puro.earth/projects/220156,220156,53,https://registry.puro.earth/issuances
28 May 2021,1707,Ekovilla 2 Kuusankoski,Eco Up Oyj,Wooden Building Elements,-,https://registry.puro.earth/projects/926954,926954,53,https://registry.puro.earth/issuances
28 May 2021,2382,Ekovilla 1 Kiiminki,Eco Up Oyj,Wooden Building Elements,-,https://registry.puro.earth/projects/522433,522433,54,https://registry.puro.earth/issuances
28 May 2021,466,"Nordgau Carbon, Wernberg-Köblitz",Accend AS,"Biochar, 2022",-,https://registry.puro.earth/projects/424545,424545,54,https://registry.puro.earth/issuances
12 May 2021,54,Hjelmsäters Egendom,Edvard Hamilton (Hjelmsäters Egendom),"Biochar, 2022",-,https://registry.puro.earth/projects/984723,984723,54,https://registry.puro.earth/issuances
12 May 2021,211,Bussme-01-Svedala,Bussme Biochar AB,"Biochar, 2022",-,https://registry.puro.earth/projects/665890,665890,54,https://registry.puro.earth/issuances
13 Apr 2021,118,Bussme-01-Svedala,Bussme Biochar AB,"Biochar, 2022",-,https://registry.puro.earth/projects/665890,665890,54,https://registry.puro.earth/issuances
25 Mar 2021,843,Ekovilla 3 Ylistaro,Eco Up Oyj,Wooden Building Elements,-,https://registry.puro.earth/projects/220156,220156,54,https://registry.puro.earth/issuances
25 Mar 2021,5120,Ekovilla 2 Kuusankoski,Eco Up Oyj,Wooden Building Elements,-,https://registry.puro.earth/projects/926954,926954,54,https://registry.puro.earth/issuances
25 Mar 2021,7147,Ekovilla 1 Kiiminki,Eco Up Oyj,Wooden Building Elements,-,https://registry.puro.earth/projects/522433,522433,54,https://registry.puro.earth/issuances
23 Mar 2021,62,Carbofex 1 Hiedanranta,Carbofex Oy,"Biochar, 2022",-,https://registry.puro.earth/projects/911942,911942,54,https://registry.puro.earth/issuances
23 Mar 2021,88,Carbofex 1 Hiedanranta,Carbofex Oy,"Biochar, 2022",-,https://registry.puro.earth/projects/911942,911942,54,https://registry.puro.earth/issuances
23 Mar 2021,314,Hjelmsäters Egendom,Edvard Hamilton (Hjelmsäters Egendom),"Biochar, 2022",-,https://registry.puro.earth/projects/984723,984723,55,https://registry.puro.earth/issuances
24 Feb 2021,522,"Carbon Cycle, 001, Rieden, DE",Accend AS,"Biochar, 2022",-,https://registry.puro.earth/projects/511285,511285,55,https://registry.puro.earth/issuances
12 Feb 2021,131,Carbofex 1 Hiedanranta,Carbofex Oy,"Biochar, 2022",-,https://registry.puro.earth/projects/911942,911942,55,https://registry.puro.earth/issuances
11 Feb 2021,2269,"Moelven Limtre, Agder",Accend AS,Wooden Building Elements,-,https://registry.puro.earth/projects/847673,847673,55,https://registry.puro.earth/issuances
11 Feb 2021,14873,"Moelven Limtre, Moelv",Accend AS,Wooden Building Elements,-,https://registry.puro.earth/projects/350917,350917,55,https://registry.puro.earth/issuances
11 Jan 2021,289,ECOERA Millennium 1 Hammenhög Skånefrö,Ecoera AB,"Biochar, 2022",-,https://registry.puro.earth/projects/706975,706975,55,https://registry.puro.earth/issuances
21 Dec 2020,130,ECHO2 Holla-Fresh,Rainbow Bee Eater Pty Ltd,"Biochar, 2022",-,https://registry.puro.earth/projects/767851,767851,55,https://registry.puro.earth/issuances
14 Dec 2020,35,Carbofex 1 Hiedanranta,Carbofex Oy,"Biochar, 2022",-,https://registry.puro.earth/projects/911942,911942,55,https://registry.puro.earth/issuances
10 Dec 2020,286,Carbofex 1 Hiedanranta,Carbofex Oy,"Biochar, 2022",-,https://registry.puro.earth/projects/911942,911942,55,https://registry.puro.earth/issuances
04 Dec 2020,192,Termowood - Hurdal,Accend AS,Wooden Building Elements,-,https://registry.puro.earth/projects/641179,641179,55,https://registry.puro.earth/issuances
27 Nov 2020,441,"Carbon Cycle, 001, Rieden, DE",Accend AS,"Biochar, 2022",-,https://registry.puro.earth/projects/511285,511285,56,https://registry.puro.earth/issuances
07 Oct 2020,672,ECHO2 Holla-Fresh,Rainbow Bee Eater Pty Ltd,"Biochar, 2022",-,https://registry.puro.earth/projects/767851,767851,56,https://registry.puro.earth/issuances
05 Oct 2020,434,Carbofex 1 Hiedanranta,Carbofex Oy,"Biochar, 2022",-,https://registry.puro.earth/projects/911942,911942,56,https://registry.puro.earth/issuances
10 Feb 2020,196,Carbofex 1 Hiedanranta,Carbofex Oy,"Biochar, 2022",-,https://registry.puro.earth/projects/911942,911942,56,https://registry.puro.earth/issuances
09 Feb 2020,3072,Ekovilla 3 Ylistaro,Eco Up Oyj,Wooden Building Elements,-,https://registry.puro.earth/projects/220156,220156,56,https://registry.puro.earth/issuances
09 Feb 2020,7438,Ekovilla 2 Kuusankoski,Eco Up Oyj,Wooden Building Elements,-,https://registry.puro.earth/projects/926954,926954,56,https://registry.puro.earth/issuances
29 Jan 2020,135,Carbofex 1 Hiedanranta,Carbofex Oy,"Biochar, 2022",-,https://registry.puro.earth/projects/911942,911942,56,https://registry.puro.earth/issuances
08 Oct 2019,217,Carbofex 1 Hiedanranta,Carbofex Oy,"Biochar, 2022",-,https://registry.puro.earth/projects/911942,911942,56,https://registry.puro.earth/issuances
18 Jun 2019,10719,Ekovilla 1 Kiiminki,Eco Up Oyj,Wooden Building Elements,-,https://registry.puro.earth/projects/522433,522433,56,https://registry.puro.earth/issuances
04 Jun 2019,334,Carbofex 1 Hiedanranta,Carbofex Oy,"Biochar, 2022",-,https://registry.puro.earth/projects/911942,911942,56,https://registry.puro.earth/issuances
04 Jun 2019,284,Carbofex 1 Hiedanranta,Carbofex Oy,"Biochar, 2022",-,https://registry.puro.earth/projects/911942,911942,57,https://registry.puro.earth/issuances
