issued_date,issued_qty,project_name,supplier,methodology,durability,project_url,project_id,source_url,source_snapshot_path
01 Jun 2026,12078,"Exomad Green, Concepción",Exomad SRL,"Biochar, 2022",100+ years,https://registry.puro.earth/projects/432524,432524,https://registry.puro.earth/issuances,data/raw/puro_earth/issuances.html
28 May 2026,597,Bio-Logical Mt Kenya Biochar Project,Bio-Logical,"Biochar, 2022",100+ years,https://registry.puro.earth/projects/664457,664457,https://registry.puro.earth/issuances,data/raw/puro_earth/issuances.html
26 May 2026,2901,"ReGenerate Livermore Falls, LLC","ReGenerate Livermore Falls, LLC","Biochar, 2022",100+ years,https://registry.puro.earth/projects/470748,470748,https://registry.puro.earth/issuances,data/raw/puro_earth/issuances.html
21 May 2026,61822,Gevo North Dakota,Net-Zero Richardton LLC,Geologically stored carbon,1000+ years,https://registry.puro.earth/projects/353054,353054,https://registry.puro.earth/issuances,data/raw/puro_earth/issuances.html
15 May 2026,1110,Charles Ingram Lumber Company,S.J. Smoke Enterprises,"Biochar, 2022",100+ years,https://registry.puro.earth/projects/973037,973037,https://registry.puro.earth/issuances,data/raw/puro_earth/issuances.html
08 May 2026,2893,Leeds Production Facility,O.C.O Technology Limited,Carbonated Materials,1000+ years,https://registry.puro.earth/projects/625222,625222,https://registry.puro.earth/issuances,data/raw/puro_earth/issuances.html
08 May 2026,717,Leeds Production Facility,O.C.O Technology Limited,Carbonated Materials,1000+ years,https://registry.puro.earth/projects/625222,625222,https://registry.puro.earth/issuances,data/raw/puro_earth/issuances.html
07 May 2026,10068,"Exomad Green, Riberalta",Exomad SRL,"Biochar, 2022",100+ years,https://registry.puro.earth/projects/292788,292788,https://registry.puro.earth/issuances,data/raw/puro_earth/issuances.html
30 Apr 2026,10163,"Exomad Green, Concepción",Exomad SRL,"Biochar, 2022",100+ years,https://registry.puro.earth/projects/432524,432524,https://registry.puro.earth/issuances,data/raw/puro_earth/issuances.html
30 Apr 2026,2506,Wakefield Biochar Facility 4,Accend AS,"Biochar, 2022",100+ years,https://registry.puro.earth/projects/517437,517437,https://registry.puro.earth/issuances,data/raw/puro_earth/issuances.html
