standard,reference_no,host_country,project_title,status,registration_date_raw,registration_date,host_country_participant,japanese_participant,methodology_no_raw,methodology_no,methodology_title_raw,methodology_title,methodology_url,source_url
JCM,VN020,Viet Nam,"Introduction of 0.4MW Rooftop Solar Power System to Aluminum Wheel Manufacturing Factory in Hanoi, Vietnam",Validation,,,"Enkei Vietnam Co., Ltd.; BIDV-SuMi TRUST Leasing Co., Ltd.","Sumitomo Mitsui Trust Panasonic Finance Co.,Ltd.","<a href=""/jc/methodologies/vn-am007-ver1-0/"">VN_AM007 Ver1.0</a>",VN_AM007 Ver1.0,"<a href=""/jc/methodologies/vn-am007-ver1-0/"">VN_AM007 Ver1.0</a>",VN_AM007 Ver1.0,https://www.jcm.go.jp/jc/methodologies/vn-am007-ver1-0/,https://www.jcm.go.jp/jc/mn-projects/
JCM,VN019,Viet Nam,Introduction of 2.5MW Rooftop Solar Power System to Food Factory and Garment Factory in Vietnam,Validation,,,"Kansai Energy Solutions (Vietnam) Co., Ltd.","The Kansai Electric Power Company, Inc.","<a href=""/jc/methodologies/vn-am007-ver1-0/"">VN_AM007 Ver1.0</a>",VN_AM007 Ver1.0,"<a href=""/jc/methodologies/vn-am007-ver1-0/"">VN_AM007 Ver1.0</a>",VN_AM007 Ver1.0,https://www.jcm.go.jp/jc/methodologies/vn-am007-ver1-0/,https://www.jcm.go.jp/jc/mn-projects/
JCM,VN018,Viet Nam,"Introduction of Amorphous High Efficiency Transformers in Northern, Central and Southern Power Grids II",Validation,,,1. Khanh Hoa Power Joint Stock Company (KHPC); 2. Dong Nai Power Company (Dong Nai PC); 3. EVN Hanoi Power Corporation (EVN HN),"Yuko-Keiso Co., Ltd.","<a href=""/jc/methodologies/vn-am005-ver1-0/"">VN_AM005 Ver1.0</a>",VN_AM005 Ver1.0,"<a href=""/jc/methodologies/vn-am005-ver1-0/"">VN_AM005 Ver1.0</a>",VN_AM005 Ver1.0,https://www.jcm.go.jp/jc/methodologies/vn-am005-ver1-0/,https://www.jcm.go.jp/jc/mn-projects/
JCM,VN017,Viet Nam,106MW Solar Power Project in An Giang Province,Validation,,,Sao Mai Group Corporation,Kanematsu KGK Corp.,"<a href=""/jc/methodologies/vn-am007-ver1-0/"">VN_AM007 Ver1.0</a>",VN_AM007 Ver1.0,"<a href=""/jc/methodologies/vn-am007-ver1-0/"">VN_AM007 Ver1.0</a>",VN_AM007 Ver1.0,https://www.jcm.go.jp/jc/methodologies/vn-am007-ver1-0/,https://www.jcm.go.jp/jc/mn-projects/
JCM,VN016,Viet Nam,Installation of High Efficiency Kiln in Sanitary Ware Manufacturing Factory,Validation,,,"TOTO VIETNAM Co., Ltd.",TOTO Ltd.,"<a href=""/jc/methodologies/vn-am010-ver1-0/"">VN_AM010 Ver1.0</a>",VN_AM010 Ver1.0,"<a href=""/jc/methodologies/vn-am010-ver1-0/"">VN_AM010 Ver1.0</a>",VN_AM010 Ver1.0,https://www.jcm.go.jp/jc/methodologies/vn-am010-ver1-0/,https://www.jcm.go.jp/jc/mn-projects/
JCM,VN015,Viet Nam,Energy Saving in Factories with Air-Conditioning Control System,Validation,,,"Nidec Vietnam Corporation; Nidec Copal Precision (Vietnam) Corporation; Nidec Servo Vietnam Corporation; Nidec Sankyo Vietnam Corporation; Nidec Tosok (Vietnam) Co., Ltd.","Yuko Keiso Co., Ltd.","<a href=""/jc/methodologies/vn-am015-ver1-0/"">VN_AM015 Ver1.0</a>",VN_AM015 Ver1.0,"<a href=""/jc/methodologies/vn-am015-ver1-0/"">VN_AM015 Ver1.0</a>",VN_AM015 Ver1.0,https://www.jcm.go.jp/jc/methodologies/vn-am015-ver1-0/,https://www.jcm.go.jp/jc/mn-projects/
JCM,VN014,Viet Nam,"Introduction of high-efficient wire stranding machines to the factory of YAZAKI EDS VIETNAM Co., LTD.",Project registered,28 May 19,2019-05-28,"YAZAKI EDS VIETNAM Co., LTD.","YAZAKI Parts Co., LTD.; YAZAKI corporation","<a href=""/jc/methodologies/vn-am014-ver1-0/"">VN_AM014 Ver1.0</a>",VN_AM014 Ver1.0,"<a href=""/jc/methodologies/vn-am014-ver1-0/"">VN_AM014 Ver1.0</a>",VN_AM014 Ver1.0,https://www.jcm.go.jp/jc/methodologies/vn-am014-ver1-0/,https://www.jcm.go.jp/jc/mn-projects/
JCM,VN013,Viet Nam,"Introduction of Amorphous High Efficiency Transformers in Northern, Central and Southern Power Grids",Project registered,28 May 19,2019-05-28,EVN Southern Power Corporation; EVN Hanoi; Khanh Hoa Power Joint Stock Company; Dong Nai Power Company,"Yuko-Keiso Co., Ltd.","<a href=""/jc/methodologies/vn-am005-ver1-0/"">VN_AM005 Ver1.0</a>",VN_AM005 Ver1.0,"<a href=""/jc/methodologies/vn-am005-ver1-0/"">VN_AM005 Ver1.0</a>",VN_AM005 Ver1.0,https://www.jcm.go.jp/jc/methodologies/vn-am005-ver1-0/,https://www.jcm.go.jp/jc/mn-projects/
JCM,VN012,Viet Nam,Introduction of High Efficiency Water Pumps in Da Nang City,Project registered,28 May 19,2019-05-28,Danang Water Supply Joint Stock Company (DAWACO),"Yokohama Water Co., Ltd.","<a href=""/jc/methodologies/vn-am013-ver1-0/"">VN_AM013 Ver1.0</a>",VN_AM013 Ver1.0,"<a href=""/jc/methodologies/vn-am013-ver1-0/"">VN_AM013 Ver1.0</a>",VN_AM013 Ver1.0,https://www.jcm.go.jp/jc/methodologies/vn-am013-ver1-0/,https://www.jcm.go.jp/jc/mn-projects/
JCM,VN011,Viet Nam,Installation of Energy Saving Equipment in Lens Factory,Project registered,28 May 19,2019-05-28,HOYA LENS VIETNAM LTD,HOYA CORPORATION,"<a href=""/jc/methodologies/vn-am011-ver1-0/"">VN_AM011 Ver1.0</a><br>
<a href=""/jc/methodologies/vn-am012-ver1-0/"">VN_AM012 Ver1.0</a>",VN_AM011 Ver1.0 VN_AM012 Ver1.0,"<a href=""/jc/methodologies/vn-am011-ver1-0/"">VN_AM011 Ver1.0</a><br>
<a href=""/jc/methodologies/vn-am012-ver1-0/"">VN_AM012 Ver1.0</a>",VN_AM011 Ver1.0 VN_AM012 Ver1.0,https://www.jcm.go.jp/jc/methodologies/vn-am011-ver1-0/,https://www.jcm.go.jp/jc/mn-projects/
JCM,VN010,Viet Nam,"Installation of Container Formation Facility at Lead Acid Battery Factory of Hitachi Chemical Energy Technology (Vietnam) Co., Ltd.",Project registered,28 May 19,2019-05-28,"CSB Energy Technology (Vietnam) Co., Ltd. (formerly Hitachi Chemical Energy Technology (Vietnam) Co., Ltd.)","Resonac Corporation (formerly Showa Denko Materials Co., Ltd. (formerly Hitachi Chemical Co., Ltd.))","<a href=""/jc/methodologies/vn-am009-ver1-1/"">VN_AM009 Ver1.1</a>",VN_AM009 Ver1.1,"<a href=""/jc/methodologies/vn-am009-ver1-1/"">VN_AM009 Ver1.1</a>",VN_AM009 Ver1.1,https://www.jcm.go.jp/jc/methodologies/vn-am009-ver1-1/,https://www.jcm.go.jp/jc/mn-projects/
JCM,VN009,Viet Nam,"Introduction of Energy-Efficient Air Conditioners in RICOH IMAGING PRODUCTS (Vietnam) CO., LTD",Project registered,15 Aug 18,2018-08-15,"RICOH IMAGING PRODUCTS (Vietnam) CO., LTD.","RICOH COMPANY, LTD.","<a href=""/jc/methodologies/vn-am006-ver1-0/"">VN_AM006 Ver1.0</a>",VN_AM006 Ver1.0,"<a href=""/jc/methodologies/vn-am006-ver1-0/"">VN_AM006 Ver1.0</a>",VN_AM006 Ver1.0,https://www.jcm.go.jp/jc/methodologies/vn-am006-ver1-0/,https://www.jcm.go.jp/jc/mn-projects/
JCM,VN008,Viet Nam,Introduction of Amorphous High Efficiency Transformers in Southern and Central Power Grids,Project registered,15 Aug 18,2018-08-15,EVN Southern Power Corporation (EVNSPC); EVN Central Power Corporation (EVNCPC); Da Nang Power Company Ltd. (DNPC); Ho Chi Minh City Power Corporation (EVN HCMC).,"YUKO-KEISO Co., Ltd.","<a href=""/jc/methodologies/vn-am005-ver1-0/"">VN_AM005 Ver1.0</a>",VN_AM005 Ver1.0,"<a href=""/jc/methodologies/vn-am005-ver1-0/"">VN_AM005 Ver1.0</a>",VN_AM005 Ver1.0,https://www.jcm.go.jp/jc/methodologies/vn-am005-ver1-0/,https://www.jcm.go.jp/jc/mn-projects/
JCM,VN007,Viet Nam,Introduction of Solar PV System at shopping mall in Ho Chi Minh,Project registered,15 Aug 18,2018-08-15,"AEON VIETNAM CO., LTD.","AEON RETAIL CO., LTD.","<a href=""/jc/methodologies/vn-am007-ver1-0/"">VN_AM007 Ver1.0</a>",VN_AM007 Ver1.0,"<a href=""/jc/methodologies/vn-am007-ver1-0/"">VN_AM007 Ver1.0</a>",VN_AM007 Ver1.0,https://www.jcm.go.jp/jc/methodologies/vn-am007-ver1-0/,https://www.jcm.go.jp/jc/mn-projects/
JCM,VN006,Viet Nam,Energy saving and work efficiency improvement by introducing a new chip-on-board LED system in Vietnam,Project registered,15 Aug 18,2018-08-15,Department of Science and Technology of Quang Tri Province (DOST),"Stanley Electric Co., Ltd.","<a href=""/jc/methodologies/vn-am008-ver1-0/"">VN_AM008 Ver1.0</a>",VN_AM008 Ver1.0,"<a href=""/jc/methodologies/vn-am008-ver1-0/"">VN_AM008 Ver1.0</a>",VN_AM008 Ver1.0,https://www.jcm.go.jp/jc/methodologies/vn-am008-ver1-0/,https://www.jcm.go.jp/jc/mn-projects/
JCM,VN005,Viet Nam,Introduction of High Efficiency Air-conditioning in Hotel,Project registered,10 Oct 17,2017-10-10,Peace Real Estate Investment Company Limited,"NTT DATA INSTITUTE OF MANAGEMENT CONSULTING, Inc.","<a href=""/jc/methodologies/vn-am006-ver1-0/"">VN_AM006 Ver1.0</a>",VN_AM006 Ver1.0,"<a href=""/jc/methodologies/vn-am006-ver1-0/"">VN_AM006 Ver1.0</a>",VN_AM006 Ver1.0,https://www.jcm.go.jp/jc/methodologies/vn-am006-ver1-0/,https://www.jcm.go.jp/jc/mn-projects/
JCM,VN004,Viet Nam,Introduction of amorphous high efficiency transformers in power distribution systems in the southern part of Viet Nam,Project registered,15 May 16,2016-05-15,EVN Southern Power Corporation (EVNSPC),"YUKO-KEISO Co., Ltd.","<a href=""/jc/methodologies/vn-am005-ver1-0/"">VN_AM005 Ver1.0</a>",VN_AM005 Ver1.0,"<a href=""/jc/methodologies/vn-am005-ver1-0/"">VN_AM005 Ver1.0</a>",VN_AM005 Ver1.0,https://www.jcm.go.jp/jc/methodologies/vn-am005-ver1-0/,https://www.jcm.go.jp/jc/mn-projects/
JCM,VN003,Viet Nam,Low carbon hotel project in Vietnam: Improving the energy efficiency of commercial buildings by utilization of high efficiency equipment,Project registered,15 May 16,2016-05-15,Hochiminh City University of Natural Resources and Environment (HCMUNRE),"Hibiya Engineering, Ltd.; Mitsubishi UFJ Morgan Stanley Securities Co., Ltd.","<a href=""/jc/methodologies/vn-am003-ver1-0/"">VN_AM003 Ver1.0</a>",VN_AM003 Ver1.0,"<a href=""/jc/methodologies/vn-am003-ver1-0/"">VN_AM003 Ver1.0</a>",VN_AM003 Ver1.0,https://www.jcm.go.jp/jc/methodologies/vn-am003-ver1-0/,https://www.jcm.go.jp/jc/mn-projects/
JCM,VN002,Viet Nam,Promotion of green hospitals by improving efficiency / environment in national hospitals in Vietnam,Project registered,30 Nov 15,2015-11-30,Start-up and Innovation Hub of Ho Chi Minh City,"Mitsubishi Electric Corporation, Mitsubishi Corporation, Mitsubishi UFJ Morgan Stanley Securities Co., Ltd.","<a href=""/jc/methodologies/vn-am002-ver1-0/"">VN_AM002 Ver1.0</a>",VN_AM002 Ver1.0,"<a href=""/jc/methodologies/vn-am002-ver1-0/"">VN_AM002 Ver1.0</a>",VN_AM002 Ver1.0,https://www.jcm.go.jp/jc/methodologies/vn-am002-ver1-0/,https://www.jcm.go.jp/jc/mn-projects/
JCM,VN001,Viet Nam,Eco-Driving by Utilizing Digital Tachograph System,Project registered,04 Aug 15,2015-08-04,"Nippon Express (Viet Nam) Co., Ltd.","NIPPON EXPRESS HOLDINGS,INC. (formerly Nippon Express Co., Ltd.)","<a href=""/jc/methodologies/vn-am001-ver2-0/"">VN_AM001 Ver2.0</a>",VN_AM001 Ver2.0,"<a href=""/jc/methodologies/vn-am001-ver2-0/"">VN_AM001 Ver2.0</a>",VN_AM001 Ver2.0,https://www.jcm.go.jp/jc/methodologies/vn-am001-ver2-0/,https://www.jcm.go.jp/jc/mn-projects/
JCM,TH034,Thailand,Introduction of 2MW Rooftop Solar Power System to University,Validation,,,"VNET Power Co., Ltd. VNET SG Power Co., Ltd.","SHIZUOKA GAS CO., LTD.","<a href=""/jc/methodologies/th-am001-ver3-0/"">TH_AM001 Ver3.0</a>",TH_AM001 Ver3.0,"<a href=""/jc/methodologies/th-am001-ver3-0/"">TH_AM001 Ver3.0</a>",TH_AM001 Ver3.0,https://www.jcm.go.jp/jc/methodologies/th-am001-ver3-0/,https://www.jcm.go.jp/jc/mn-projects/
JCM,TH033,Thailand,Introduction of 5MW Rooftop Solar Power System to Aluminum Building Materials Factory,Validation,,,"SMFL Leasing (Thailand) Co., Ltd.Tostem Thai Co., Ltd.","Sumitomo Mitsui Finance and Leasing Co., Ltd.","<a href=""/jc/methodologies/th-am001-ver3-0/"">TH_AM001 Ver3.0</a>",TH_AM001 Ver3.0,"<a href=""/jc/methodologies/th-am001-ver3-0/"">TH_AM001 Ver3.0</a>",TH_AM001 Ver3.0,https://www.jcm.go.jp/jc/methodologies/th-am001-ver3-0/,https://www.jcm.go.jp/jc/mn-projects/
JCM,TH032,Thailand,Introduction of 0.13MW Solar Power System to Auto Parts Factory,Validation,,,"NICHIAS(Thailand) Co.,Ltd. TISCO Tokyo Leasing Co.,Ltd.",Tokyo Century Corporation,"<a href=""/jc/methodologies/th-am001-ver3-0/"">TH_AM001 Ver3.0</a>",TH_AM001 Ver3.0,"<a href=""/jc/methodologies/th-am001-ver3-0/"">TH_AM001 Ver3.0</a>",TH_AM001 Ver3.0,https://www.jcm.go.jp/jc/methodologies/th-am001-ver3-0/,https://www.jcm.go.jp/jc/mn-projects/
JCM,TH031,Thailand,Introduction of 1.3MW Solar Power System to Food Factories,Validation,,,"PRIMAHAM FOODS (THAILAND) CO., LTD. TISCO Tokyo Leasing Co., Ltd.",Tokyo Century Corporation,"<a href=""/jc/methodologies/th-am001-ver3-0/"">TH_AM001 Ver3.0</a>",TH_AM001 Ver3.0,"<a href=""/jc/methodologies/th-am001-ver3-0/"">TH_AM001 Ver3.0</a>",TH_AM001 Ver3.0,https://www.jcm.go.jp/jc/methodologies/th-am001-ver3-0/,https://www.jcm.go.jp/jc/mn-projects/
JCM,TH030,Thailand,Introduction of 2MW Rooftop Solar Power System to Non-ferrous Metal Factory,Validation,,,"Kansai Energy Solutions (Thailand) Co., Ltd.","The Kansai Electric Power Company, Incorporated","<a href=""/jc/methodologies/th-am001-ver3-0/"">TH_AM001 Ver3.0</a>",TH_AM001 Ver3.0,"<a href=""/jc/methodologies/th-am001-ver3-0/"">TH_AM001 Ver3.0</a>",TH_AM001 Ver3.0,https://www.jcm.go.jp/jc/methodologies/th-am001-ver3-0/,https://www.jcm.go.jp/jc/mn-projects/
JCM,TH029,Thailand,Introduction of 2.6MW Rooftop Solar Power System to Semiconductor Factory,Validation,,,"Kansai Energy Solutions (Thailand) Co., Ltd.","The Kansai Electric Power Company, Incorporated","<a href=""/jc/methodologies/th-am001-ver3-0/"">TH_AM001 Ver3.0</a>",TH_AM001 Ver3.0,"<a href=""/jc/methodologies/th-am001-ver3-0/"">TH_AM001 Ver3.0</a>",TH_AM001 Ver3.0,https://www.jcm.go.jp/jc/methodologies/th-am001-ver3-0/,https://www.jcm.go.jp/jc/mn-projects/
JCM,TH028,Thailand,Introduction of 8.1MW Rooftop Solar Power System in Motorcycle Factory and Fiber Factory,Validation,,,"Kansai Energy Solutions (Thailand) Co., Ltd.","The Kansai Electric Power Company, Incorporated","<a href=""/jc/methodologies/th-am001-ver3-0/"">TH_AM001 Ver3.0</a>",TH_AM001 Ver3.0,"<a href=""/jc/methodologies/th-am001-ver3-0/"">TH_AM001 Ver3.0</a>",TH_AM001 Ver3.0,https://www.jcm.go.jp/jc/methodologies/th-am001-ver3-0/,https://www.jcm.go.jp/jc/mn-projects/
JCM,TH027,Thailand,17.8MW Rooftop and Floating Solar Power Project in Industrial Park,Validation,,,"TISCO Tokyo Leasing Co., Ltd. Impact Solar Limited",Tokyo Century Corporation,"<a href=""/jc/methodologies/th-am001-ver3-0/"">TH_AM001 Ver3.0</a>",TH_AM001 Ver3.0,"<a href=""/jc/methodologies/th-am001-ver3-0/"">TH_AM001 Ver3.0</a>",TH_AM001 Ver3.0,https://www.jcm.go.jp/jc/methodologies/th-am001-ver3-0/,https://www.jcm.go.jp/jc/mn-projects/
JCM,TH026,Thailand,Energy Supply Project by 0.9MW Rooftop Solar Power System to Metal Recycling and Automotive Parts Factories,Validation,,,"Marubeni Green Power Asset (Thailand) Co., Ltd. Marubeni Green Power Asset 2 (Thailand) Co., Ltd.",Marubeni Corporation,"<a href=""/jc/methodologies/th-am001-ver3-0/"">TH_AM001 Ver3.0</a>",TH_AM001 Ver3.0,"<a href=""/jc/methodologies/th-am001-ver3-0/"">TH_AM001 Ver3.0</a>",TH_AM001 Ver3.0,https://www.jcm.go.jp/jc/methodologies/th-am001-ver3-0/,https://www.jcm.go.jp/jc/mn-projects/
JCM,TH025,Thailand,LED lighting introduction business for the sales store.,Validation,,,"UNIQLO (THAILAND) CO.,LTD.","FAST RETAILING CO., LTD.","<a href=""/jc/methodologies/th-am016-ver1-0/"">TH_AM016 Ver1.0</a>",TH_AM016 Ver1.0,"<a href=""/jc/methodologies/th-am016-ver1-0/"">TH_AM016 Ver1.0</a>",TH_AM016 Ver1.0,https://www.jcm.go.jp/jc/methodologies/th-am016-ver1-0/,https://www.jcm.go.jp/jc/mn-projects/
JCM,TH024,Thailand,Low-carbon Operation for Power Grid Utilizing Online Voltage-var(Q) Optimal Control (OPENVQ) with ICT,Validation,,,Electricity Generating Authority of Thailand (EGAT),"Hitachi, Ltd.","<a href=""/jc/methodologies/th-am017-ver1-0/"">TH_AM017 Ver1.0</a>",TH_AM017 Ver1.0,"<a href=""/jc/methodologies/th-am017-ver1-0/"">TH_AM017 Ver1.0</a>",TH_AM017 Ver1.0,https://www.jcm.go.jp/jc/methodologies/th-am017-ver1-0/,https://www.jcm.go.jp/jc/mn-projects/
JCM,TH023,Thailand,Introduction of High Efficiency Ion Exchange Membrane Electrolyzer in Caustic Soda Production Plant,Validation,,,"AGC Chemicals (Thailand) Co, Ltd.",AGC Inc.,"<a href=""/jc/methodologies/th-am015-ver1-0/"">TH_AM015 Ver1.0</a>",TH_AM015 Ver1.0,"<a href=""/jc/methodologies/th-am015-ver1-0/"">TH_AM015 Ver1.0</a>",TH_AM015 Ver1.0,https://www.jcm.go.jp/jc/methodologies/th-am015-ver1-0/,https://www.jcm.go.jp/jc/mn-projects/
JCM,TH022,Thailand,Introduction of 0.8MW Solar Power System and High Efficiency Refrigerator to Food Factory,Project registered,30 Oct 25,2025-10-30,"Thai Delmar Co., Ltd.",Kanematsu KGK Corp,"<a href=""/jc/methodologies/th-am001-ver2-0/"">TH_AM001 Ver2.0</a><br>
<a href=""/jc/methodologies/th-am011-ver1-0/"">TH_AM011 Ver1.0</a>",TH_AM001 Ver2.0 TH_AM011 Ver1.0,"<a href=""/jc/methodologies/th-am001-ver2-0/"">TH_AM001 Ver2.0</a><br>
<a href=""/jc/methodologies/th-am011-ver1-0/"">TH_AM011 Ver1.0</a>",TH_AM001 Ver2.0 TH_AM011 Ver1.0,https://www.jcm.go.jp/jc/methodologies/th-am001-ver2-0/,https://www.jcm.go.jp/jc/mn-projects/
JCM,TH021,Thailand,Energy saving by installation of evaporator with mechanical vapor recompression and high-efficiency chiller.,Validation,,,"THAI KYOWA BIOTECHNOLOGIES CO., LTD.","KYOWA HAKKO BIO CO., LTD.","<a href=""/jc/methodologies/th-am012-ver1-0/"">TH_AM012 Ver1.0</a><br>
<a href=""/jc/methodologies/th-am005-ver3-0/"">TH_AM005 Ver3.0</a>",TH_AM012 Ver1.0 TH_AM005 Ver3.0,"<a href=""/jc/methodologies/th-am012-ver1-0/"">TH_AM012 Ver1.0</a><br>
<a href=""/jc/methodologies/th-am005-ver3-0/"">TH_AM005 Ver3.0</a>",TH_AM012 Ver1.0 TH_AM005 Ver3.0,https://www.jcm.go.jp/jc/methodologies/th-am012-ver1-0/,https://www.jcm.go.jp/jc/mn-projects/
JCM,TH020,Thailand,"Installation of Energy-efficient Refrigerators Using Natural Refrigerant at Distribution Centre of Better Foods Co., Ltd.",Validation,,,"Better Foods Co., Ltd.",KANEMATSU CORPORATON,"<a href=""/jc/methodologies/th-am011-ver1-0/"">TH_AM011 Ver1.0</a>",TH_AM011 Ver1.0,"<a href=""/jc/methodologies/th-am011-ver1-0/"">TH_AM011 Ver1.0</a>",TH_AM011 Ver1.0,https://www.jcm.go.jp/jc/methodologies/th-am011-ver1-0/,https://www.jcm.go.jp/jc/mn-projects/
JCM,TH019,Thailand,Energy Saving by Introduction of High Efficiency Chilled Water Supply System in Milk Factory,Validation,,,"CP-Meiji Co., Ltd.","TEPIA Corporation Japan Co., Ltd.","<a href=""/jc/methodologies/th-am013-ver1-0/"">TH_AM013 Ver1.0</a>",TH_AM013 Ver1.0,"<a href=""/jc/methodologies/th-am013-ver1-0/"">TH_AM013 Ver1.0</a>",TH_AM013 Ver1.0,https://www.jcm.go.jp/jc/methodologies/th-am013-ver1-0/,https://www.jcm.go.jp/jc/mn-projects/
JCM,TH018,Thailand,Introduction of High-efficiency Boiler System to Rubber Belt Plant,Validation,,,Bando Manufacturing (Thailand) Ltd.,"Bando Chemical Industries, Ltd.","<a href=""/jc/methodologies/th-am010-ver1-0/"">TH_AM010 Ver1.0</a>",TH_AM010 Ver1.0,"<a href=""/jc/methodologies/th-am010-ver1-0/"">TH_AM010 Ver1.0</a>",TH_AM010 Ver1.0,https://www.jcm.go.jp/jc/methodologies/th-am010-ver1-0/,https://www.jcm.go.jp/jc/mn-projects/
JCM,TH017,Thailand,Introduction of 0.97 MW Rooftop Solar Power System for Fishery Net Factory,Validation,,,"Siam Brothers Corp., Ltd.","Finetech Co., Ltd.","<a href=""/jc/methodologies/th-am001-ver2-0/"">TH_AM001 Ver2.0</a>",TH_AM001 Ver2.0,"<a href=""/jc/methodologies/th-am001-ver2-0/"">TH_AM001 Ver2.0</a>",TH_AM001 Ver2.0,https://www.jcm.go.jp/jc/methodologies/th-am001-ver2-0/,https://www.jcm.go.jp/jc/mn-projects/
JCM,TH016,Thailand,Introduction of 0.95 MW Rooftop Solar Power System in Cigarette Lighter Factory,Validation,,,"Thai Merry Co., Ltd.","Finetech Co., Ltd.","<a href=""/jc/methodologies/th-am001-ver2-0/"">TH_AM001 Ver2.0</a>",TH_AM001 Ver2.0,"<a href=""/jc/methodologies/th-am001-ver2-0/"">TH_AM001 Ver2.0</a>",TH_AM001 Ver2.0,https://www.jcm.go.jp/jc/methodologies/th-am001-ver2-0/,https://www.jcm.go.jp/jc/mn-projects/
JCM,TH015,Thailand,Introduction of 3.4 MW Rooftop Solar Power System in Technical Center and Office Buildings,Validation,,,"Toyota Daihatsu Engineering & Manufacturing Co., Ltd.",Toyota Motor Corporation,"<a href=""/jc/methodologies/th-am001-ver2-0/"">TH_AM001 Ver2.0</a>",TH_AM001 Ver2.0,"<a href=""/jc/methodologies/th-am001-ver2-0/"">TH_AM001 Ver2.0</a>",TH_AM001 Ver2.0,https://www.jcm.go.jp/jc/methodologies/th-am001-ver2-0/,https://www.jcm.go.jp/jc/mn-projects/
JCM,TH014,Thailand,Introduction of 5MW Floating Solar Power System on Industrial Water Reservoir in Thailand,Project registered,28 Sep 20,2020-09-28,"TSB Bangkok Co., Ltd.","TSB GreeNex Co., Ltd. (formerly TSB Co., Ltd.)","<a href=""/jc/methodologies/th-am001-ver1-0/"">TH_AM001 Ver1.0</a>",TH_AM001 Ver1.0,"<a href=""/jc/methodologies/th-am001-ver1-0/"">TH_AM001 Ver1.0</a>",TH_AM001 Ver1.0,https://www.jcm.go.jp/jc/methodologies/th-am001-ver1-0/,https://www.jcm.go.jp/jc/mn-projects/
JCM,TH013,Thailand,Installation of Co-Generation Plant for On-Site Energy Supply and High Efficiency Non-Inverter Type Centrifugal Chiller in Motorcycle Factory,Project registered,17 Jun 22,2022-06-17,NS-OG Energy Solutions (Thailand) Ltd.,"NIPPON STEEL ENGINEERING CO., LTD.","<a href=""/jc/methodologies/th-am005-ver2-0/"">TH_AM005 Ver2.0</a><br>
<a href=""/jc/methodologies/th-am009-ver1-0/"">TH_AM009 Ver1.0</a>",TH_AM005 Ver2.0 TH_AM009 Ver1.0,"<a href=""/jc/methodologies/th-am005-ver2-0/"">TH_AM005 Ver2.0</a><br>
<a href=""/jc/methodologies/th-am009-ver1-0/"">TH_AM009 Ver1.0</a>",TH_AM005 Ver2.0 TH_AM009 Ver1.0,https://www.jcm.go.jp/jc/methodologies/th-am005-ver2-0/,https://www.jcm.go.jp/jc/mn-projects/
JCM,TH012,Thailand,Introduction of 0.97 MW Rooftop Solar Power System for Fishery Net Factory,Request for Registration withdrawn,,,"Siam Brothers Corp., Ltd.","Finetech Co., Ltd.","<a href=""/jc/methodologies/th-am001-ver1-0/"">TH_AM001 Ver1.0</a>",TH_AM001 Ver1.0,"<a href=""/jc/methodologies/th-am001-ver1-0/"">TH_AM001 Ver1.0</a>",TH_AM001 Ver1.0,https://www.jcm.go.jp/jc/methodologies/th-am001-ver1-0/,https://www.jcm.go.jp/jc/mn-projects/
JCM,TH011,Thailand,Introduction of 0.95 MW Rooftop Solar Power System in Cigarette Lighter Factory,Request for Registration withdrawn,,,"Thai Merry Co., Ltd.","Finetech Co., Ltd.","<a href=""/jc/methodologies/th-am001-ver1-0/"">TH_AM001 Ver1.0</a>",TH_AM001 Ver1.0,"<a href=""/jc/methodologies/th-am001-ver1-0/"">TH_AM001 Ver1.0</a>",TH_AM001 Ver1.0,https://www.jcm.go.jp/jc/methodologies/th-am001-ver1-0/,https://www.jcm.go.jp/jc/mn-projects/
JCM,TH010,Thailand,Introduction of 3.4 MW Rooftop Solar Power System in Technical Center and Office Buildings,Request for Registration withdrawn,,,"Toyota Daihatsu Engineering & Manufacturing Co., Ltd.",Toyota Motor Corporation,"<a href=""/jc/methodologies/th-am001-ver1-0/"">TH_AM001 Ver1.0</a>",TH_AM001 Ver1.0,"<a href=""/jc/methodologies/th-am001-ver1-0/"">TH_AM001 Ver1.0</a>",TH_AM001 Ver1.0,https://www.jcm.go.jp/jc/methodologies/th-am001-ver1-0/,https://www.jcm.go.jp/jc/mn-projects/
JCM,TH009,Thailand,Introduction of 30MW Rooftop Solar Power System to Large Supermarkets,Project registered,27 Mar 20,2020-03-27,"Impact Electrons Siam Co., Ltd.; Impact Solar Limited",Sharp Energy Solutions Corporation,"<a href=""/jc/methodologies/th-am001-ver1-0/"">TH_AM001 Ver1.0</a>",TH_AM001 Ver1.0,"<a href=""/jc/methodologies/th-am001-ver1-0/"">TH_AM001 Ver1.0</a>",TH_AM001 Ver1.0,https://www.jcm.go.jp/jc/methodologies/th-am001-ver1-0/,https://www.jcm.go.jp/jc/mn-projects/
JCM,TH008,Thailand,Introduction of Heat Recovery Heat Pumps to a Chicken Slaughtering Plant in Thailand,Project registered,20 Sep 21,2021-09-20,CPF (Thailand) Public Company Limited,"CPF Japan Co., Ltd.","<a href=""/jc/methodologies/th-am008-ver1-0/"">TH_AM008 Ver1.0</a>",TH_AM008 Ver1.0,"<a href=""/jc/methodologies/th-am008-ver1-0/"">TH_AM008 Ver1.0</a>",TH_AM008 Ver1.0,https://www.jcm.go.jp/jc/methodologies/th-am008-ver1-0/,https://www.jcm.go.jp/jc/mn-projects/
JCM,TH007,Thailand,Energy Saving for Air conditioning in Tire Manufacturing Factory with High Efficiency Centrifugal Chiller,Project registered,17 Jun 22,2022-06-17,"Bridgestone Tire Manufacturing (THAILAND) Co., Ltd.","INABATA & CO., LTD.","<a href=""/jc/methodologies/th-am005-ver2-0/"">TH_AM005 Ver2.0</a>",TH_AM005 Ver2.0,"<a href=""/jc/methodologies/th-am005-ver2-0/"">TH_AM005 Ver2.0</a>",TH_AM005 Ver2.0,https://www.jcm.go.jp/jc/methodologies/th-am005-ver2-0/,https://www.jcm.go.jp/jc/mn-projects/
JCM,TH006,Thailand,Power Generation by Waste Heat Recovery in Cement Industry,Project registered,02 Aug 19,2019-08-02,Siam City Power Company Limited,NTT Data Institute of Management Consulting Inc.,"<a href=""/jc/methodologies/th-am007-ver1-0/"">TH_AM007 Ver1.0</a>",TH_AM007 Ver1.0,"<a href=""/jc/methodologies/th-am007-ver1-0/"">TH_AM007 Ver1.0</a>",TH_AM007 Ver1.0,https://www.jcm.go.jp/jc/methodologies/th-am007-ver1-0/,https://www.jcm.go.jp/jc/mn-projects/
JCM,TH005,Thailand,Introduction of 3.4MW Rooftop Solar Power System to Air-conditioning Parts Factories,Project registered,14 Jan 19,2019-01-14,"SNC Former Public Co., Ltd.",Sharp Energy Solutions Corporation,"<a href=""/jc/methodologies/th-am001-ver1-0/"">TH_AM001 Ver1.0</a>",TH_AM001 Ver1.0,"<a href=""/jc/methodologies/th-am001-ver1-0/"">TH_AM001 Ver1.0</a>",TH_AM001 Ver1.0,https://www.jcm.go.jp/jc/methodologies/th-am001-ver1-0/,https://www.jcm.go.jp/jc/mn-projects/
JCM,TH004,Thailand,Energy Saving for Semiconductor Factory with High Efficiency Centrifugal Chiller and Compressor,Project registered,20 Apr 18,2018-04-20,"Sony Device Technology (Thailand) Co., Ltd.",Sony Semiconductor Manufacturing Corporation,"<a href=""/jc/methodologies/th-am003-ver1-0/"">TH_AM003 Ver1.0</a><br>
<a href=""/jc/methodologies/th-am002-ver2-0/"">TH_AM002 Ver2.0</a>",TH_AM003 Ver1.0 TH_AM002 Ver2.0,"<a href=""/jc/methodologies/th-am003-ver1-0/"">TH_AM003 Ver1.0</a><br>
<a href=""/jc/methodologies/th-am002-ver2-0/"">TH_AM002 Ver2.0</a>",TH_AM003 Ver1.0 TH_AM002 Ver2.0,https://www.jcm.go.jp/jc/methodologies/th-am003-ver1-0/,https://www.jcm.go.jp/jc/mn-projects/
JCM,TH003,Thailand,Installation of High Efficiency Air Conditioning System and Chillers in Semiconductor Factory,Project registered,20 Apr 18,2018-04-20,"Sony Device Technology (Thailand) Co., Ltd.",Sony Semiconductor Manufacturing Corporation,"<a href=""/jc/methodologies/th-am003-ver1-0/"">TH_AM003 Ver1.0</a><br>
<a href=""/jc/methodologies/th-am006-ver1-0/"">TH_AM006 Ver1.0</a>",TH_AM003 Ver1.0 TH_AM006 Ver1.0,"<a href=""/jc/methodologies/th-am003-ver1-0/"">TH_AM003 Ver1.0</a><br>
<a href=""/jc/methodologies/th-am006-ver1-0/"">TH_AM006 Ver1.0</a>",TH_AM003 Ver1.0 TH_AM006 Ver1.0,https://www.jcm.go.jp/jc/methodologies/th-am003-ver1-0/,https://www.jcm.go.jp/jc/mn-projects/
JCM,TH002,Thailand,Reducing GHG emission at Textile Factory of Luckytex (Thailand) Public Company Limited by Upgrading to Air-saving Loom,Project registered,20 Apr 18,2018-04-20,Toray Textiles (Thailand) Public Company Limited,"Toray Industries, Inc.","<a href=""/jc/methodologies/th-am004-ver1-0/"">TH_AM004 Ver1.0</a>",TH_AM004 Ver1.0,"<a href=""/jc/methodologies/th-am004-ver1-0/"">TH_AM004 Ver1.0</a>",TH_AM004 Ver1.0,https://www.jcm.go.jp/jc/methodologies/th-am004-ver1-0/,https://www.jcm.go.jp/jc/mn-projects/
JCM,TH001,Thailand,Introduction of Solar PV Systems on Rooftops of Factory and Office Building,Project registered,21 Aug 17,2017-08-21,Siam Steel International Public Company Limited,"Pacific Consultants Co., Ltd. (PCKK)","<a href=""/jc/methodologies/th-am001-ver1-0/"">TH_AM001 Ver1.0</a>",TH_AM001 Ver1.0,"<a href=""/jc/methodologies/th-am001-ver1-0/"">TH_AM001 Ver1.0</a>",TH_AM001 Ver1.0,https://www.jcm.go.jp/jc/methodologies/th-am001-ver1-0/,https://www.jcm.go.jp/jc/mn-projects/
JCM,SA001,Saudi Arabia,Introduction of High Efficiency Electrolyzer in Chlor-Alkali Production Plant,Project registered,13 Jul 18,2018-07-13,Jubail Chemical Industries Company (JANA),Kanematsu Corporation,"<a href=""/jc/methodologies/sa-am001-ver1-0/"">SA_AM001 Ver1.0</a>",SA_AM001 Ver1.0,"<a href=""/jc/methodologies/sa-am001-ver1-0/"">SA_AM001 Ver1.0</a>",SA_AM001 Ver1.0,https://www.jcm.go.jp/jc/methodologies/sa-am001-ver1-0/,https://www.jcm.go.jp/jc/mn-projects/
JCM,PW005,Palau,Palau / Introduction of 1MW Solar Power System on Supermarket Rooftop,Project registered,23 Dec 24,2024-12-23,Surangel & Sons Company,Sharp Energy Solutions Corporation,"<a href=""/jc/methodologies/pw-am001-ver1-0/"">PW_AM001 Ver1.0</a>",PW_AM001 Ver1.0,"<a href=""/jc/methodologies/pw-am001-ver1-0/"">PW_AM001 Ver1.0</a>",PW_AM001 Ver1.0,https://www.jcm.go.jp/jc/methodologies/pw-am001-ver1-0/,https://www.jcm.go.jp/jc/mn-projects/
JCM,PW004,Palau,Introduction of 0.4MW Rooftop Solar Power System in Supermarket and Hotel,Project registered,11 Jul 21,2021-07-11,Western Caroline Trading Company (WCTC),Sharp Energy Solutions Corporation,"<a href=""/jc/methodologies/pw-am001-ver1-0/"">PW_AM001 Ver1.0</a>",PW_AM001 Ver1.0,"<a href=""/jc/methodologies/pw-am001-ver1-0/"">PW_AM001 Ver1.0</a>",PW_AM001 Ver1.0,https://www.jcm.go.jp/jc/methodologies/pw-am001-ver1-0/,https://www.jcm.go.jp/jc/mn-projects/
JCM,PW003,Palau,Small Scale Solar Power Plants for Commercial Facilities in Island States II,Project registered,12 Jul 16,2016-07-12,"Western Caroline Trading Company (Subproject 1, 2); Palau Investment and Development Company (Subproject 3)","Pacific Consultants Co., Ltd. (PCKK)","<a href=""/jc/methodologies/pw-am001-ver1-0/"">PW_AM001 Ver1.0</a>",PW_AM001 Ver1.0,"<a href=""/jc/methodologies/pw-am001-ver1-0/"">PW_AM001 Ver1.0</a>",PW_AM001 Ver1.0,https://www.jcm.go.jp/jc/methodologies/pw-am001-ver1-0/,https://www.jcm.go.jp/jc/mn-projects/
JCM,PW002,Palau,Small Scale Solar Power Plants for Schools in Island States,Project registered,12 Jul 16,2016-07-12,Palau Adventist Schools,"Pacific Consultants Co., Ltd. (PCKK)","<a href=""/jc/methodologies/pw-am001-ver1-0/"">PW_AM001 Ver1.0</a>",PW_AM001 Ver1.0,"<a href=""/jc/methodologies/pw-am001-ver1-0/"">PW_AM001 Ver1.0</a>",PW_AM001 Ver1.0,https://www.jcm.go.jp/jc/methodologies/pw-am001-ver1-0/,https://www.jcm.go.jp/jc/mn-projects/
JCM,PW001,Palau,Small scale solar power plants for commercial facilities in island states,Project registered,21 Apr 15,2015-04-21,"Subproject 1: Western Caroline Trading Company, Subproject 2: Surangel and Sons Company","Pacific Consultants Co., Ltd. (PCKK)","<a href=""/jc/methodologies/pw-am001-ver1-0/"">PW_AM001 Ver1.0</a>",PW_AM001 Ver1.0,"<a href=""/jc/methodologies/pw-am001-ver1-0/"">PW_AM001 Ver1.0</a>",PW_AM001 Ver1.0,https://www.jcm.go.jp/jc/methodologies/pw-am001-ver1-0/,https://www.jcm.go.jp/jc/mn-projects/
JCM,PH010,Philippines,The Climate-Resilient Rice Farming Project in Pangasinan,Validation,,,National Irrigation Administration Regional Office No. 1.,"Creattura Co., Ltd.","<a href=""/jc/methodologies/ph-am004-ver1-0/"">PH_AM004 Ver1.0</a>",PH_AM004 Ver1.0,"<a href=""/jc/methodologies/ph-am004-ver1-0/"">PH_AM004 Ver1.0</a>",PH_AM004 Ver1.0,https://www.jcm.go.jp/jc/methodologies/ph-am004-ver1-0/,https://www.jcm.go.jp/jc/mn-projects/
JCM,PH009,Philippines,Methane gas reduction project in Batangas and Laguna Provinces through AWD (Alternate Wetting and Drying) implementation in rice paddies,Validation,,,University of the Philippines - Los BaÃ±os (UPLB),Green Carbon Inc.,"<a href=""/jc/methodologies/ph-am004-ver1-0/"">PH_AM004 Ver1.0</a>",PH_AM004 Ver1.0,"<a href=""/jc/methodologies/ph-am004-ver1-0/"">PH_AM004 Ver1.0</a>",PH_AM004 Ver1.0,https://www.jcm.go.jp/jc/methodologies/ph-am004-ver1-0/,https://www.jcm.go.jp/jc/mn-projects/
JCM,PH008,Philippines,Methane gas reduction project in Bulacan Province through AWD (Alternate Wetting and Drying) implementation in rice paddies,Validation,,,University of the Philippines â Los BaÃ±os (UPLB),"Green Carbon, Inc.; Nippon Koei Co., Ltd.; Fuyo General Lease Co., Ltd.","<a href=""/jc/methodologies/ph-am004-ver1-0/"">PH_AM004 Ver1.0</a>",PH_AM004 Ver1.0,"<a href=""/jc/methodologies/ph-am004-ver1-0/"">PH_AM004 Ver1.0</a>",PH_AM004 Ver1.0,https://www.jcm.go.jp/jc/methodologies/ph-am004-ver1-0/,https://www.jcm.go.jp/jc/mn-projects/
JCM,PH007,Philippines,"Introduction of 0.8MW Solar Power System to Aluminum Products, Packaging Materials and Automotive Parts Factories",Validation,,,"DAIKI OM ALUMINIUM INDUSTRY (PHILIPPINES), INC.; FUJISASH PHILIPPINES, INC.; HKT PHILIPPINES, INC.; KANEPACKAGE PHILIPPINE, INC.; BPI Century Tokyo Rental Corporation",Tokyo Century Corporation,"<a href=""/jc/methodologies/ph-am002-ver1-0/"">PH_AM002 Ver1.0</a>",PH_AM002 Ver1.0,"<a href=""/jc/methodologies/ph-am002-ver1-0/"">PH_AM002 Ver1.0</a>",PH_AM002 Ver1.0,https://www.jcm.go.jp/jc/methodologies/ph-am002-ver1-0/,https://www.jcm.go.jp/jc/mn-projects/
JCM,PH006,Philippines,14.5MW Mini Hydro Power Plant Project in Siguil River in Mindanao,Validation,,,"Alsons Consolidated Resources, Inc.; Alsons Renewable Energy Corporation; Siguil Hydro Power Corporation",Toyota Tsusho Corporation,"<a href=""/jc/methodologies/ph-am001-ver1-0/"">PH_AM001 Ver1.0</a>",PH_AM001 Ver1.0,"<a href=""/jc/methodologies/ph-am001-ver1-0/"">PH_AM001 Ver1.0</a>",PH_AM001 Ver1.0,https://www.jcm.go.jp/jc/methodologies/ph-am001-ver1-0/,https://www.jcm.go.jp/jc/mn-projects/
JCM,PH005,Philippines,9.6MW Solar Power Project in Collaboration with Power-supply Company,Project registered,06 Nov 25,2025-11-06,"MSpectrum, Inc.",Tokyo Century Corporation,"<a href=""/jc/methodologies/ph-am002-ver1-0/"">PH_AM002 Ver1.0</a>",PH_AM002 Ver1.0,"<a href=""/jc/methodologies/ph-am002-ver1-0/"">PH_AM002 Ver1.0</a>",PH_AM002 Ver1.0,https://www.jcm.go.jp/jc/methodologies/ph-am002-ver1-0/,https://www.jcm.go.jp/jc/mn-projects/
JCM,PH004,Philippines,Introduction of 1MW Rooftop Solar Power System in Vehicle Assembly Factory,Project registered,09 Apr 23,2023-04-09,Toyota Motor Philippines Corporation,Toyota Motor Corporation,"<a href=""/jc/methodologies/ph-am002-ver1-0/"">PH_AM002 Ver1.0</a>",PH_AM002 Ver1.0,"<a href=""/jc/methodologies/ph-am002-ver1-0/"">PH_AM002 Ver1.0</a>",PH_AM002 Ver1.0,https://www.jcm.go.jp/jc/methodologies/ph-am002-ver1-0/,https://www.jcm.go.jp/jc/mn-projects/
JCM,PH003,Philippines,Installation of 1.2MW Rooftop Solar Power System in Freezing Warehouse,Project registered,04 Nov 21,2021-11-04,TMU Solar Philippines Inc.,Tokyo Century Corporation,"<a href=""/jc/methodologies/ph-am002-ver1-0/"">PH_AM002 Ver1.0</a>",PH_AM002 Ver1.0,"<a href=""/jc/methodologies/ph-am002-ver1-0/"">PH_AM002 Ver1.0</a>",PH_AM002 Ver1.0,https://www.jcm.go.jp/jc/methodologies/ph-am002-ver1-0/,https://www.jcm.go.jp/jc/mn-projects/
JCM,PH002,Philippines,Introduction of 1.53MW Rooftop Solar Power System in Auto Parts Factories,Project registered,04 Nov 21,2021-11-04,Enomoto Philippine Manufacturing Inc. (EPMI); Aikawa Philippines Inc. (API),Tokyo Century Corporation,"<a href=""/jc/methodologies/ph-am002-ver1-0/"">PH_AM002 Ver1.0</a>",PH_AM002 Ver1.0,"<a href=""/jc/methodologies/ph-am002-ver1-0/"">PH_AM002 Ver1.0</a>",PH_AM002 Ver1.0,https://www.jcm.go.jp/jc/methodologies/ph-am002-ver1-0/,https://www.jcm.go.jp/jc/mn-projects/
JCM,PH001,Philippines,Introduction of 4 MW Rooftop Solar Power System in Tire Factory,Project registered,04 Nov 21,2021-11-04,Yokohama Tire Philippines Inc.,Sharp Energy Solutions Corporation,"<a href=""/jc/methodologies/ph-am002-ver1-0/"">PH_AM002 Ver1.0</a>",PH_AM002 Ver1.0,"<a href=""/jc/methodologies/ph-am002-ver1-0/"">PH_AM002 Ver1.0</a>",PH_AM002 Ver1.0,https://www.jcm.go.jp/jc/methodologies/ph-am002-ver1-0/,https://www.jcm.go.jp/jc/mn-projects/
JCM,MV002,Maldives,Introduction of Smart Mini Grid System at Addu City,Project registered,02 Sep 23,2023-09-02,"Fenaka Corporation Limited; Ministry of Environment, Climate Change and Technology",N/A,"<a href=""/jc/methodologies/mv-am002-ver1-0/"">MV_AM002 Ver1.0</a>",MV_AM002 Ver1.0,"<a href=""/jc/methodologies/mv-am002-ver1-0/"">MV_AM002 Ver1.0</a>",MV_AM002 Ver1.0,https://www.jcm.go.jp/jc/methodologies/mv-am002-ver1-0/,https://www.jcm.go.jp/jc/mn-projects/
JCM,MV001,Maldives,Solar Power on Rooftop of School Building Project,Project registered,15 Jul 18,2018-07-15,Villa Educational Services Private Ltd.,"Pacific Consultants Co., Ltd.","<a href=""/jc/methodologies/mv-am001-ver1-0/"">MV_AM001 Ver1.0</a>",MV_AM001 Ver1.0,"<a href=""/jc/methodologies/mv-am001-ver1-0/"">MV_AM001 Ver1.0</a>",MV_AM001 Ver1.0,https://www.jcm.go.jp/jc/methodologies/mv-am001-ver1-0/,https://www.jcm.go.jp/jc/mn-projects/
JCM,MN007,Mongolia,Installation of 5MW solar PV system and 3.6MWh battery energy storage system in Zavkhan Province,Validation,,,Ministry of Energy; Bogd River Hydroelectric Power Plant LLC,N/A,"<a href=""/jc/methodologies/mn-am004-ver1-0/"">MN_AM004 Ver1.0</a>",MN_AM004 Ver1.0,"<a href=""/jc/methodologies/mn-am004-ver1-0/"">MN_AM004 Ver1.0</a>",MN_AM004 Ver1.0,https://www.jcm.go.jp/jc/methodologies/mn-am004-ver1-0/,https://www.jcm.go.jp/jc/mn-projects/
JCM,MN006,Mongolia,Introduction of 15MW Solar Power System near New Airport,Project registered,02 Jun 23,2023-06-02,Tenuun Gerel Construction LLC,Sharp Energy Solutions Corporation,"<a href=""/jc/methodologies/mn-am003-ver2-0/"">MN_AM003 Ver2.0</a>",MN_AM003 Ver2.0,"<a href=""/jc/methodologies/mn-am003-ver2-0/"">MN_AM003 Ver2.0</a>",MN_AM003 Ver2.0,https://www.jcm.go.jp/jc/methodologies/mn-am003-ver2-0/,https://www.jcm.go.jp/jc/mn-projects/
JCM,MN005,Mongolia,A HIGH EFFICIENCY AND LOW LOSS POWER TRANSMISSION AND DISTRIBUTION SYSTEM IN MONGOLIA,Project registered,16 Nov 17,2017-11-16,NATIONAL POWER TRANSMISSION GRID State Owned Stock Company (NPTG),"Hitachi, Ltd.","<a href=""/jc/methodologies/mn-am001-ver1-0/"">MN_AM001 Ver1.0</a>",MN_AM001 Ver1.0,"<a href=""/jc/methodologies/mn-am001-ver1-0/"">MN_AM001 Ver1.0</a>",MN_AM001 Ver1.0,https://www.jcm.go.jp/jc/methodologies/mn-am001-ver1-0/,https://www.jcm.go.jp/jc/mn-projects/
JCM,MN004,Mongolia,10MW Solar Power Project in Darkhan City,Project registered,26 May 17,2017-05-26,Solar Power International LLC,Sharp Energy Solutions Corporation (formerly Sharp Corporation),"<a href=""/jc/methodologies/mn-am003-ver2-0/"">MN_AM003 Ver2.0</a>",MN_AM003 Ver2.0,"<a href=""/jc/methodologies/mn-am003-ver2-0/"">MN_AM003 Ver2.0</a>",MN_AM003 Ver2.0,https://www.jcm.go.jp/jc/methodologies/mn-am003-ver2-0/,https://www.jcm.go.jp/jc/mn-projects/
JCM,MN003,Mongolia,Installation of 12.7 MW Solar Power Plant for Power Supply In Ulaanbaatar Suburb,Project registered,26 May 17,2017-05-26,"Bridge LLC, Everyday Farm LLC",FARMDO CORPORATION,"<a href=""/jc/methodologies/mn-am003-ver2-0/"">MN_AM003 Ver2.0</a>",MN_AM003 Ver2.0,"<a href=""/jc/methodologies/mn-am003-ver2-0/"">MN_AM003 Ver2.0</a>",MN_AM003 Ver2.0,https://www.jcm.go.jp/jc/methodologies/mn-am003-ver2-0/,https://www.jcm.go.jp/jc/mn-projects/
JCM,MN002,Mongolia,Centralization of heat supply system by installation of high-efficiency Heat Only Boilers in Bornuur soum Project,Project registered,30 Jun 15,2015-06-30,"ANU-SERVICE CO.,LTD","SUURI-KEIKAKU CO.,LTD.","<a href=""/jc/methodologies/mn-am002-ver1-0/"">MN_AM002 Ver1.0</a>",MN_AM002 Ver1.0,"<a href=""/jc/methodologies/mn-am002-ver1-0/"">MN_AM002 Ver1.0</a>",MN_AM002 Ver1.0,https://www.jcm.go.jp/jc/methodologies/mn-am002-ver1-0/,https://www.jcm.go.jp/jc/mn-projects/
JCM,MN001,Mongolia,Installation of high-efficiency Heat Only Boilers in 118th School of Ulaanbaatar City Project,Project registered,30 Jun 15,2015-06-30,"ANU-SERVICE CO.,LTD.","SUURI-KEIKAKU CO.,LTD.","<a href=""/jc/methodologies/mn-am002-ver1-0/"">MN_AM002 Ver1.0</a>",MN_AM002 Ver1.0,"<a href=""/jc/methodologies/mn-am002-ver1-0/"">MN_AM002 Ver1.0</a>",MN_AM002 Ver1.0,https://www.jcm.go.jp/jc/methodologies/mn-am002-ver1-0/,https://www.jcm.go.jp/jc/mn-projects/
JCM,MM002,Myanmar,Introduction of Energy Efficient Refrigeration System in Logistics Center,Validation,,,"Ryobi Myanmar Distribution Service Co., Ltd","Ryobi Holdings Co., Ltd","<a href=""/jc/methodologies/mm-am002-ver1-0/"">MM_AM002 Ver1.0</a>",MM_AM002 Ver1.0,"<a href=""/jc/methodologies/mm-am002-ver1-0/"">MM_AM002 Ver1.0</a>",MM_AM002 Ver1.0,https://www.jcm.go.jp/jc/methodologies/mm-am002-ver1-0/,https://www.jcm.go.jp/jc/mn-projects/
JCM,MM001,Myanmar,Yangon Waste to Energy plant by introducing power generation and avoidance of landfill gas emissions through combustion of municipal solid waste (MSW),Project registered,16 Jan 20,2020-01-16,Yangon City Development Committee,JFE Engineering Corporation,"<a href=""/jc/methodologies/mm-am001-ver1-0/"">MM_AM001 Ver1.0</a>",MM_AM001 Ver1.0,"<a href=""/jc/methodologies/mm-am001-ver1-0/"">MM_AM001 Ver1.0</a>",MM_AM001 Ver1.0,https://www.jcm.go.jp/jc/methodologies/mm-am001-ver1-0/,https://www.jcm.go.jp/jc/mn-projects/
JCM,LA005,Laos,REDD+ project in Luang Prabang Province through controlling shifting cultivation,Validation,,,Provincial Agriculture and Forestry Office (PAFO) of Luang Prabang Province and District Agriculture and Forestry Office (DAFO) of Phonxay District,Waseda University and Marubeni Corporation,"<a href=""/jc/methodologies/la-am004-ver1-0/"">LA_AM004 Ver1.0</a>",LA_AM004 Ver1.0,"<a href=""/jc/methodologies/la-am004-ver1-0/"">LA_AM004 Ver1.0</a>",LA_AM004 Ver1.0,https://www.jcm.go.jp/jc/methodologies/la-am004-ver1-0/,https://www.jcm.go.jp/jc/mn-projects/
JCM,LA004,Laos,Introduction of Amorphous High Efficiency Transformers in Power Grid,Project registered,24 May 23,2023-05-24,EDL (Electricite Du Laos),"Yuko-Keiso Co., Ltd.","<a href=""/jc/methodologies/la-am003-ver1-0/"">LA_AM003 Ver1.0</a>",LA_AM003 Ver1.0,"<a href=""/jc/methodologies/la-am003-ver1-0/"">LA_AM003 Ver1.0</a>",LA_AM003 Ver1.0,https://www.jcm.go.jp/jc/methodologies/la-am003-ver1-0/,https://www.jcm.go.jp/jc/mn-projects/
JCM,LA003,Laos,Introduction of 11MW Solar Power Project in Savannakhet Province,Project registered,22 Jun 22,2022-06-22,"Khounxay Construction Development Group Sole Co., Ltd (KXN); Green Energy Laos Development Co., Ltd (GLD)",Sharp Energy Solutions Corporation (SESJ),"<a href=""/jc/methodologies/la-am002-ver1-0/"">LA_AM002 Ver1.0</a>",LA_AM002 Ver1.0,"<a href=""/jc/methodologies/la-am002-ver1-0/"">LA_AM002 Ver1.0</a>",LA_AM002 Ver1.0,https://www.jcm.go.jp/jc/methodologies/la-am002-ver1-0/,https://www.jcm.go.jp/jc/mn-projects/
JCM,LA002,Laos,Introduction of 14MW floating solar power system in Vientiane,Project registered,05 Aug 22,2022-08-05,"TPG Lao Co., Ltd..","TSB GreeNex Co., Ltd. (formerly TSB Co., Ltd.)","<a href=""/jc/methodologies/la-am002-ver1-0/"">LA_AM002 Ver1.0</a>",LA_AM002 Ver1.0,"<a href=""/jc/methodologies/la-am002-ver1-0/"">LA_AM002 Ver1.0</a>",LA_AM002 Ver1.0,https://www.jcm.go.jp/jc/methodologies/la-am002-ver1-0/,https://www.jcm.go.jp/jc/mn-projects/
JCM,LA001,Laos,Lao PDR Energy Efficient Datacenter Project (LEED),Project registered,31 Jul 17,2017-07-31,"Ministry of Science and Technology, Lao P.D.R","Toyota Tsusho Corporation; Internet Initiative Japan Inc.; Mitsubishi UFJ Morgan Stanley Securities Co., Ltd.","<a href=""/jc/methodologies/la-am001-ver1-0/"">LA_AM001 Ver1.0</a>",LA_AM001 Ver1.0,"<a href=""/jc/methodologies/la-am001-ver1-0/"">LA_AM001 Ver1.0</a>",LA_AM001 Ver1.0,https://www.jcm.go.jp/jc/methodologies/la-am001-ver1-0/,https://www.jcm.go.jp/jc/mn-projects/
JCM,KH005,Cambodia,Prey Lang Wildlife Sanctuary - Stung Treng REDD+ project,Project registered,09 Jun 23,2023-06-09,"Ministry of Environment, Cambodia","Mitsui & Co., Ltd.","<a href=""/jc/methodologies/kh-am004-ver1-1/"">KH_AM004 Ver1.1</a>",KH_AM004 Ver1.1,"<a href=""/jc/methodologies/kh-am004-ver1-1/"">KH_AM004 Ver1.1</a>",KH_AM004 Ver1.1,https://www.jcm.go.jp/jc/methodologies/kh-am004-ver1-1/,https://www.jcm.go.jp/jc/mn-projects/
JCM,KH004,Cambodia,Energy Saving by Inverters for Distribution Pumps in Water Treatment Plant,Project registered,09 Jun 23,2023-06-09,Phnom Penh Water Supply Authority (PPWSA),"METAWATER Co., Ltd.","<a href=""/jc/methodologies/kh-am005-ver1-0/"">KH_AM005 Ver1.0</a>",KH_AM005 Ver1.0,"<a href=""/jc/methodologies/kh-am005-ver1-0/"">KH_AM005 Ver1.0</a>",KH_AM005 Ver1.0,https://www.jcm.go.jp/jc/methodologies/kh-am005-ver1-0/,https://www.jcm.go.jp/jc/mn-projects/
JCM,KH003,Cambodia,Introduction of 1MW Solar Power System and High Efficiency Centrifugal Chiller in Large Shopping Mall,Validation,,,"AEON MALL (CAMBODIA) CO., LTD.","AEON Mall Co., Ltd.","<a href=""/jc/methodologies/kh-am002-ver1-0/"">KH_AM002 Ver1.0</a><br>
<a href=""/jc/methodologies/kh-am003-ver1-0/"">KH_AM003 Ver1.0</a>",KH_AM002 Ver1.0 KH_AM003 Ver1.0,"<a href=""/jc/methodologies/kh-am002-ver1-0/"">KH_AM002 Ver1.0</a><br>
<a href=""/jc/methodologies/kh-am003-ver1-0/"">KH_AM003 Ver1.0</a>",KH_AM002 Ver1.0 KH_AM003 Ver1.0,https://www.jcm.go.jp/jc/methodologies/kh-am002-ver1-0/,https://www.jcm.go.jp/jc/mn-projects/
JCM,KH002,Cambodia,Introduction of High Efficiency LED Lighting Utilizing Wireless Network,Project registered,21 Feb 20,2020-02-21,(1) Overseas Cambodian Investment Corporation (OCIC); (2) Authority for the Protection of the Site and the Management of the Region of Angkor (APSARA Authority); (3) Siem Reap Provincial Hall,MinebeaMitsumi Inc.,"<a href=""/jc/methodologies/kh-am001-ver1-0/"">KH_AM001 Ver1.0</a>",KH_AM001 Ver1.0,"<a href=""/jc/methodologies/kh-am001-ver1-0/"">KH_AM001 Ver1.0</a>",KH_AM001 Ver1.0,https://www.jcm.go.jp/jc/methodologies/kh-am001-ver1-0/,https://www.jcm.go.jp/jc/mn-projects/
JCM,KH001,Cambodia,Introduction of Ultra-lightweight Solar Panels for Power Generation at International School,Project registered,12 Mar 18,2018-03-12,International School of Phnom Penh (ISPP).,Asian Gateway Corp.,"<a href=""/jc/methodologies/kh-am002-ver1-0/"">KH_AM002 Ver1.0</a>",KH_AM002 Ver1.0,"<a href=""/jc/methodologies/kh-am002-ver1-0/"">KH_AM002 Ver1.0</a>",KH_AM002 Ver1.0,https://www.jcm.go.jp/jc/methodologies/kh-am002-ver1-0/,https://www.jcm.go.jp/jc/mn-projects/
JCM,KE002,Kenya,Introduction of Solar PV System at Salt Factory,Project registered,27 Jan 20,2020-01-27,Krystalline Salt Limited,"Pacific Consultants Co., Ltd.","<a href=""/jc/methodologies/ke-am002-ver1-0/"">KE_AM002 Ver1.0</a>",KE_AM002 Ver1.0,"<a href=""/jc/methodologies/ke-am002-ver1-0/"">KE_AM002 Ver1.0</a>",KE_AM002 Ver1.0,https://www.jcm.go.jp/jc/methodologies/ke-am002-ver1-0/,https://www.jcm.go.jp/jc/mn-projects/
JCM,KE001,Kenya,Electrification of communities using Ultra Low Head Micro Hydro Power Generation system,Project registered,27 Jan 20,2020-01-27,National Irrigation Board; Mwea Irrigation Water usersâ Association,"NTT DATA INSTITUTE OF MANAGEMENT CONSULTING, Inc.; JAG SeabellCo.,Ltd.","<a href=""/jc/methodologies/ke-am001-ver1-0/"">KE_AM001 Ver1.0</a>",KE_AM001 Ver1.0,"<a href=""/jc/methodologies/ke-am001-ver1-0/"">KE_AM001 Ver1.0</a>",KE_AM001 Ver1.0,https://www.jcm.go.jp/jc/methodologies/ke-am001-ver1-0/,https://www.jcm.go.jp/jc/mn-projects/
JCM,ID040,Indonesia,Introduction of Gas Co-generation System and Absorption Chiller to Motor Parts Factory,Validation,,,PT. DENSO Indonesia,DENSO CORPORATION,"<a href=""/jc/methodologies/id-am023-ver1-1/"">ID_AM023 Ver1.1</a>",ID_AM023 Ver1.1,"<a href=""/jc/methodologies/id-am023-ver1-1/"">ID_AM023 Ver1.1</a>",ID_AM023 Ver1.1,https://www.jcm.go.jp/jc/methodologies/id-am023-ver1-1/,https://www.jcm.go.jp/jc/mn-projects/
JCM,ID039,Indonesia,Introduction of 3.1MW Rooftop Solar Power System to Fast-Moving Consumer Goods and Printing Factories in Java Island,Validation,,,PT Alam Energy Renewables; PT Kao Indonesia; PT DNP Indonesia,Alamport Inc.; Shizen Energy Inc.,"<a href=""/jc/methodologies/id-am013-ver1-0/"">ID_AM013 Ver1.0</a>",ID_AM013 Ver1.0,"<a href=""/jc/methodologies/id-am013-ver1-0/"">ID_AM013 Ver1.0</a>",ID_AM013 Ver1.0,https://www.jcm.go.jp/jc/methodologies/id-am013-ver1-0/,https://www.jcm.go.jp/jc/mn-projects/
JCM,ID038,Indonesia,Introduction of High-efficiency Once-through Boiler System to Chemical Factory,Validation,,,PT. DIC GRAPHICS,DIC Corporation,"<a href=""/jc/methodologies/id-am015-ver1-0/"">ID_AM015 Ver1.0</a>",ID_AM015 Ver1.0,"<a href=""/jc/methodologies/id-am015-ver1-0/"">ID_AM015 Ver1.0</a>",ID_AM015 Ver1.0,https://www.jcm.go.jp/jc/methodologies/id-am015-ver1-0/,https://www.jcm.go.jp/jc/mn-projects/
JCM,ID037,Indonesia,"6MW Mini Hydro Power Plant Project in West Pasaman, West Sumatra",Validation,,,PT. OPTIMA TIRTA ENERGY,"NiX JAPAN Co., Ltd.; Nix New Energy Co., Ltd","<a href=""/jc/methodologies/id-am019-ver1-0/"">ID_AM019 Ver1.0</a>",ID_AM019 Ver1.0,"<a href=""/jc/methodologies/id-am019-ver1-0/"">ID_AM019 Ver1.0</a>",ID_AM019 Ver1.0,https://www.jcm.go.jp/jc/methodologies/id-am019-ver1-0/,https://www.jcm.go.jp/jc/mn-projects/
JCM,ID036,Indonesia,Introduction of 2.1MW Rooftop Solar Power System in Woodworking Factories,Validation,,,PT. AST Indonesia,"Sumitomo Forestry Co., LTD.","<a href=""/jc/methodologies/id-am013-ver1-0/"">ID_AM013 Ver1.0</a>",ID_AM013 Ver1.0,"<a href=""/jc/methodologies/id-am013-ver1-0/"">ID_AM013 Ver1.0</a>",ID_AM013 Ver1.0,https://www.jcm.go.jp/jc/methodologies/id-am013-ver1-0/,https://www.jcm.go.jp/jc/mn-projects/
JCM,ID035,Indonesia,Rehabilitation Project of Power Generation System at Karai 7 Mini Hydro Power Plant,Project registered,18 Dec 24,2024-12-18,PT Global Karai Energi,Voith Fuji Hydro K.K.,"<a href=""/jc/methodologies/id-am021-ver1-0/"">ID_AM021 Ver1.0</a>",ID_AM021 Ver1.0,"<a href=""/jc/methodologies/id-am021-ver1-0/"">ID_AM021 Ver1.0</a>",ID_AM021 Ver1.0,https://www.jcm.go.jp/jc/methodologies/id-am021-ver1-0/,https://www.jcm.go.jp/jc/mn-projects/
JCM,ID034,Indonesia,Energy Saving by Introducing High Efficiency Autoclave to Infusion Manufacturing Factory 2,Project registered,18 Dec 24,2024-12-18,PT. Otsuka Indonesia,"Otsuka Pharmaceutical Factory, Inc.","<a href=""/jc/methodologies/id-am028-ver1-0/"">ID_AM028 Ver1.0</a>",ID_AM028 Ver1.0,"<a href=""/jc/methodologies/id-am028-ver1-0/"">ID_AM028 Ver1.0</a>",ID_AM028 Ver1.0,https://www.jcm.go.jp/jc/methodologies/id-am028-ver1-0/,https://www.jcm.go.jp/jc/mn-projects/
JCM,ID033,Indonesia,"4.2MW Rooftop Solar Power Project to Pharmaceutical Factories, Vehicles Dealers, and Timber Factories",Project registered,18 Dec 24,2024-12-18,PT Alam Energy Indonesia; PT ATW Alam Hijau,Alamport Inc.; Shizen Energy Inc.,"<a href=""/jc/methodologies/id-am013-ver1-0/"">ID_AM013 Ver1.0</a>",ID_AM013 Ver1.0,"<a href=""/jc/methodologies/id-am013-ver1-0/"">ID_AM013 Ver1.0</a>",ID_AM013 Ver1.0,https://www.jcm.go.jp/jc/methodologies/id-am013-ver1-0/,https://www.jcm.go.jp/jc/mn-projects/
JCM,ID032,Indonesia,Introduction of CNG-Diesel Hybrid Equipment to Public Bus in Semarang,Project registered,18 Dec 24,2024-12-18,BLU UPTD Trans Semarang,"Hokusan Co., Ltd.","<a href=""/jc/methodologies/id-am026-ver1-0/"">ID_AM026 Ver1.0</a>",ID_AM026 Ver1.0,"<a href=""/jc/methodologies/id-am026-ver1-0/"">ID_AM026 Ver1.0</a>",ID_AM026 Ver1.0,https://www.jcm.go.jp/jc/methodologies/id-am026-ver1-0/,https://www.jcm.go.jp/jc/mn-projects/
JCM,ID031,Indonesia,Installation of Aerator for Industrial Wastewater Treatment Facility in Rubber Factory,Validation,,,PT.ANEKA BUMI PRATAMA (PT.ABP),Environmental Management and Technology Center (EMATEC),"<a href=""/jc/methodologies/id-am024-ver1-0/"">ID_AM024 Ver1.0</a>",ID_AM024 Ver1.0,"<a href=""/jc/methodologies/id-am024-ver1-0/"">ID_AM024 Ver1.0</a>",ID_AM024 Ver1.0,https://www.jcm.go.jp/jc/methodologies/id-am024-ver1-0/,https://www.jcm.go.jp/jc/mn-projects/
JCM,ID030,Indonesia,Installation of all-electric injection molding machine with power regeneration to plastics & packaging manufacturing plants,Validation,,,PT Dynaplast; Project location 1. Dynaplast; Project location 2. Sanpak Unggul; Project location 3. Dynaplast Jatake; Project location 4. Rapidplast Plant2; Project location 5. Rapidplast Plant4; Project location 6. Dynaplast Plant8; Project location 7. Dynaplast 4,Tokyo Century Corporation,"<a href=""/jc/methodologies/id-am025-ver1-0/"">ID_AM025 Ver1.0</a>",ID_AM025 Ver1.0,"<a href=""/jc/methodologies/id-am025-ver1-0/"">ID_AM025 Ver1.0</a>",ID_AM025 Ver1.0,https://www.jcm.go.jp/jc/methodologies/id-am025-ver1-0/,https://www.jcm.go.jp/jc/mn-projects/
JCM,ID029,Indonesia,Energy Saving by Introducing High Efficiency Autoclave to Infusion Manufacturing Factory,Project registered,18 Dec 24,2024-12-18,PT. Otsuka Indonesia,"Otsuka Pharmaceutical Factory, Inc.","<a href=""/jc/methodologies/id-am028-ver1-0/"">ID_AM028 Ver1.0</a>",ID_AM028 Ver1.0,"<a href=""/jc/methodologies/id-am028-ver1-0/"">ID_AM028 Ver1.0</a>",ID_AM028 Ver1.0,https://www.jcm.go.jp/jc/methodologies/id-am028-ver1-0/,https://www.jcm.go.jp/jc/mn-projects/
JCM,ID028,Indonesia,Introduction of Gas Co-generation System and Absorption Chiller to Motor Parts Factory,Validation,,,PT. DENSO Indonesia,DENSO CORPORATION,"<a href=""/jc/methodologies/id-am023-ver1-0/"">ID_AM023 Ver1.0</a>",ID_AM023 Ver1.0,"<a href=""/jc/methodologies/id-am023-ver1-0/"">ID_AM023 Ver1.0</a>",ID_AM023 Ver1.0,https://www.jcm.go.jp/jc/methodologies/id-am023-ver1-0/,https://www.jcm.go.jp/jc/mn-projects/
JCM,ID027,Indonesia,10MW Mini Hydro Power Plant Project in North Sumatra,Project registered,18 Dec 24,2024-12-18,PT. Citra Multi Energi,"TOYO ENERGY FARM CO., LTD.","<a href=""/jc/methodologies/id-am019-ver1-0/"">ID_AM019 Ver1.0</a>",ID_AM019 Ver1.0,"<a href=""/jc/methodologies/id-am019-ver1-0/"">ID_AM019 Ver1.0</a>",ID_AM019 Ver1.0,https://www.jcm.go.jp/jc/methodologies/id-am019-ver1-0/,https://www.jcm.go.jp/jc/mn-projects/
JCM,ID026,Indonesia,Introduction of LED Lighting to UNIQLO Sales Stores,Project registered,18 Dec 24,2024-12-18,PT. Fast Retailing Indonesia,"FAST RETAILING CO., LTD.","<a href=""/jc/methodologies/id-am020-ver1-0/"">ID_AM020 Ver1.0</a>",ID_AM020 Ver1.0,"<a href=""/jc/methodologies/id-am020-ver1-0/"">ID_AM020 Ver1.0</a>",ID_AM020 Ver1.0,https://www.jcm.go.jp/jc/methodologies/id-am020-ver1-0/,https://www.jcm.go.jp/jc/mn-projects/
JCM,ID025,Indonesia,Energy Saving for Industrial Park with Smart LED Street Lighting System,Project registered,18 Dec 24,2024-12-18,PT. MALIGI PERMATA INDUSTRIAL ESTATE; PT. HARAPAN ANANG BAKRI & SONS; PT. KARAWANG TATABINA INDUSTRIAL ESTATE,"NTT FACILITIES, INC.","<a href=""/jc/methodologies/id-am018-ver1-0/"">ID_AM018 Ver1.0</a>",ID_AM018 Ver1.0,"<a href=""/jc/methodologies/id-am018-ver1-0/"">ID_AM018 Ver1.0</a>",ID_AM018 Ver1.0,https://www.jcm.go.jp/jc/methodologies/id-am018-ver1-0/,https://www.jcm.go.jp/jc/mn-projects/
JCM,ID024,Indonesia,Introduction of Absorption Chiller to Chemical Factory,Project registered,30 Mar 20,2020-03-30,PT. Timuraya Tunggal,Tokyo Century Corporation,"<a href=""/jc/methodologies/id-am022-ver1-0/"">ID_AM022 Ver1.0</a>",ID_AM022 Ver1.0,"<a href=""/jc/methodologies/id-am022-ver1-0/"">ID_AM022 Ver1.0</a>",ID_AM022 Ver1.0,https://www.jcm.go.jp/jc/methodologies/id-am022-ver1-0/,https://www.jcm.go.jp/jc/mn-projects/
JCM,ID023,Indonesia,Installation of Solar Power System and Storage Battery to Commercial Facility,Project registered,17 Feb 21,2021-02-17,PT AEON MALL Indonesia,ITOCHU Corporation,"<a href=""/jc/methodologies/id-am017-ver1-0/"">ID_AM017 Ver1.0</a>",ID_AM017 Ver1.0,"<a href=""/jc/methodologies/id-am017-ver1-0/"">ID_AM017 Ver1.0</a>",ID_AM017 Ver1.0,https://www.jcm.go.jp/jc/methodologies/id-am017-ver1-0/,https://www.jcm.go.jp/jc/mn-projects/
JCM,ID022,Indonesia,Introduction of High Efficiency Once-through Boiler in Golf Ball Factory,Project registered,03 Sep 19,2019-09-03,PT Sumi Rubber Indonesia,"Sumitomo Rubber Industries, Ltd.; Nippon Koei Co., Ltd.","<a href=""/jc/methodologies/id-am015-ver1-0/"">ID_AM015 Ver1.0</a>",ID_AM015 Ver1.0,"<a href=""/jc/methodologies/id-am015-ver1-0/"">ID_AM015 Ver1.0</a>",ID_AM015 Ver1.0,https://www.jcm.go.jp/jc/methodologies/id-am015-ver1-0/,https://www.jcm.go.jp/jc/mn-projects/
JCM,ID021,Indonesia,Introduction of High-efficiency Once-through Boiler in Film Factory,Project registered,31 Oct 19,2019-10-31,PT MC Pet Film Indonesia,"Mitsubishi Chemical Corporation; Nippon Koei Co., Ltd.","<a href=""/jc/methodologies/id-am015-ver1-0/"">ID_AM015 Ver1.0</a>",ID_AM015 Ver1.0,"<a href=""/jc/methodologies/id-am015-ver1-0/"">ID_AM015 Ver1.0</a>",ID_AM015 Ver1.0,https://www.jcm.go.jp/jc/methodologies/id-am015-ver1-0/,https://www.jcm.go.jp/jc/mn-projects/
JCM,ID020,Indonesia,Introduction of High-Efficiency Looms in Weaving Mill,Project registered,03 Sep 19,2019-09-03,PT Nikawa Textile Industry,Nisshinbo Textile Inc.,"<a href=""/jc/methodologies/id-am011-ver1-0/"">ID_AM011 Ver1.0</a>",ID_AM011 Ver1.0,"<a href=""/jc/methodologies/id-am011-ver1-0/"">ID_AM011 Ver1.0</a>",ID_AM011 Ver1.0,https://www.jcm.go.jp/jc/methodologies/id-am011-ver1-0/,https://www.jcm.go.jp/jc/mn-projects/
JCM,ID019,Indonesia,Installation of gas engine cogeneration system to supply electricity and heat to the vehicle manufacturing factory of PT. Toyota Motor Manufacturing Indonesia,Project registered,09 May 19,2019-05-09,PT. Toyota Motor Manufacturing Indonesia,Toyota Tsusho Corporation,"<a href=""/jc/methodologies/id-am016-ver1-0/"">ID_AM016 Ver1.0</a>",ID_AM016 Ver1.0,"<a href=""/jc/methodologies/id-am016-ver1-0/"">ID_AM016 Ver1.0</a>",ID_AM016 Ver1.0,https://www.jcm.go.jp/jc/methodologies/id-am016-ver1-0/,https://www.jcm.go.jp/jc/mn-projects/
JCM,ID018,Indonesia,1.6MW Solar PV Power Plant Project in Jakabaring Sport City,Project registered,07 Mar 19,2019-03-07,Perusahaan Daerah Pertambangan Dan Energi (PDPDE),Sharp Energy Solutions Corporation,"<a href=""/jc/methodologies/id-am013-ver1-0/"">ID_AM013 Ver1.0</a>",ID_AM013 Ver1.0,"<a href=""/jc/methodologies/id-am013-ver1-0/"">ID_AM013 Ver1.0</a>",ID_AM013 Ver1.0,https://www.jcm.go.jp/jc/methodologies/id-am013-ver1-0/,https://www.jcm.go.jp/jc/mn-projects/
JCM,ID017,Indonesia,Introduction of 0.5MW Solar Power System to Aroma and Food Ingredients Factory,Project registered,07 Mar 19,2019-03-07,PT. Indesso Aroma,"Next Energy and Resources Co., Ltd.","<a href=""/jc/methodologies/id-am013-ver1-0/"">ID_AM013 Ver1.0</a>",ID_AM013 Ver1.0,"<a href=""/jc/methodologies/id-am013-ver1-0/"">ID_AM013 Ver1.0</a>",ID_AM013 Ver1.0,https://www.jcm.go.jp/jc/methodologies/id-am013-ver1-0/,https://www.jcm.go.jp/jc/mn-projects/
JCM,ID016,Indonesia,Installation of Tribrid System to mobile communicationâs Base Transceiver Stations in Republic of Indonesia,Project registered,10 Jul 18,2018-07-10,PT XL Axiata Tbk.,KDDI Corporation,"<a href=""/jc/methodologies/id-am014-ver1-0/"">ID_AM014 Ver1.0</a>",ID_AM014 Ver1.0,"<a href=""/jc/methodologies/id-am014-ver1-0/"">ID_AM014 Ver1.0</a>",ID_AM014 Ver1.0,https://www.jcm.go.jp/jc/methodologies/id-am014-ver1-0/,https://www.jcm.go.jp/jc/mn-projects/
JCM,ID015,Indonesia,Reducing GHG emission at textile factories by upgrading to air-saving loom,Project registered,24 Aug 18,2018-08-24,"P.T. Indonesia Synthetic Textile Milles (ISTEM), P.T. Easterntex, P.T. Century Textile Industry Tbk (CENTEX)","Toray Industries, Inc.","<a href=""/jc/methodologies/id-am011-ver1-0/"">ID_AM011 Ver1.0</a>",ID_AM011 Ver1.0,"<a href=""/jc/methodologies/id-am011-ver1-0/"">ID_AM011 Ver1.0</a>",ID_AM011 Ver1.0,https://www.jcm.go.jp/jc/methodologies/id-am011-ver1-0/,https://www.jcm.go.jp/jc/mn-projects/
JCM,ID014,Indonesia,Energy saving by optimum operation at an oil refinery,Project registered,10 Jul 18,2018-07-10,PT. PERTAMINA (PERSERO),Yokogawa Electric Corporation,"<a href=""/jc/methodologies/id-am006-ver2-0/"">ID_AM006 Ver2.0</a>",ID_AM006 Ver2.0,"<a href=""/jc/methodologies/id-am006-ver2-0/"">ID_AM006 Ver2.0</a>",ID_AM006 Ver2.0,https://www.jcm.go.jp/jc/methodologies/id-am006-ver2-0/,https://www.jcm.go.jp/jc/mn-projects/
JCM,ID013,Indonesia,Power generation by waste heat recovery in the PT Semen Indonesia (Persero) Tbk factory in Tuban,Project registered,10 Jul 18,2018-07-10,PT Semen Indonesia (Persero) Tbk,JFE Engineering Corporation,"<a href=""/jc/methodologies/id-am001-ver1-0/"">ID_AM001 Ver1.0</a>",ID_AM001 Ver1.0,"<a href=""/jc/methodologies/id-am001-ver1-0/"">ID_AM001 Ver1.0</a>",ID_AM001 Ver1.0,https://www.jcm.go.jp/jc/methodologies/id-am001-ver1-0/,https://www.jcm.go.jp/jc/mn-projects/
JCM,ID012,Indonesia,GHG emission reductions through utility facility operation optimization system for refineries in the Republic of Indonesia,Project registered,10 Jul 18,2018-07-10,PT. PERTAMINA (PERSERO),Azbil Corporation,"<a href=""/jc/methodologies/id-am007-ver1-0/"">ID_AM007 Ver1.0</a>",ID_AM007 Ver1.0,"<a href=""/jc/methodologies/id-am007-ver1-0/"">ID_AM007 Ver1.0</a>",ID_AM007 Ver1.0,https://www.jcm.go.jp/jc/methodologies/id-am007-ver1-0/,https://www.jcm.go.jp/jc/mn-projects/
JCM,ID011,Indonesia,"Reduction of Energy Consumption by Introducing an Energy-Efficient Waste Paper Processing System into a Packaging Paper Factory in Bekasi, West Java",Project registered,22 Dec 17,2017-12-22,PT FAJAR SURYA WISESA Tbk.,KANEMATSU CORPORATION,"<a href=""/jc/methodologies/id-am012-ver1-0/"">ID_AM012 Ver1.0</a>",ID_AM012 Ver1.0,"<a href=""/jc/methodologies/id-am012-ver1-0/"">ID_AM012 Ver1.0</a>",ID_AM012 Ver1.0,https://www.jcm.go.jp/jc/methodologies/id-am012-ver1-0/,https://www.jcm.go.jp/jc/mn-projects/
JCM,ID010,Indonesia,Energy saving through introduction of Regenerative Burners for aluminum holding furnaces of the automotive components manufacture in the Republic of Indonesia,Project registered,30 Mar 20,2020-03-30,PT. Yamaha Motor Parts Manufacturing Indonesia (YPMI),Toyotsu Machinery Corporation,"<a href=""/jc/methodologies/id-am009-ver3-0/"">ID_AM009 Ver3.0</a>",ID_AM009 Ver3.0,"<a href=""/jc/methodologies/id-am009-ver3-0/"">ID_AM009 Ver3.0</a>",ID_AM009 Ver3.0,https://www.jcm.go.jp/jc/methodologies/id-am009-ver3-0/,https://www.jcm.go.jp/jc/mn-projects/
JCM,ID009,Indonesia,Energy Saving for Air-Conditioning at Shopping Mall with High Efficiency Centrifugal Chiller,Project registered,04 Dec 17,2017-12-04,PT. PAKUWON JATI Tbk,"NTT FACILITIES, INC.","<a href=""/jc/methodologies/id-am002-ver2-0/"">ID_AM002 Ver2.0</a>",ID_AM002 Ver2.0,"<a href=""/jc/methodologies/id-am002-ver2-0/"">ID_AM002 Ver2.0</a>",ID_AM002 Ver2.0,https://www.jcm.go.jp/jc/methodologies/id-am002-ver2-0/,https://www.jcm.go.jp/jc/mn-projects/
JCM,ID008,Indonesia,Introducing double-bundle modular electric heat pumps at AXIA SOUTH CIKARANG Tower 2,Project registered,10 Feb 17,2017-02-10,PT. TTL Residences,Toyota Tsusho Corporation.,"<a href=""/jc/methodologies/id-am010-ver1-0/"">ID_AM010 Ver1.0</a>",ID_AM010 Ver1.0,"<a href=""/jc/methodologies/id-am010-ver1-0/"">ID_AM010 Ver1.0</a>",ID_AM010 Ver1.0,https://www.jcm.go.jp/jc/methodologies/id-am010-ver1-0/,https://www.jcm.go.jp/jc/mn-projects/
JCM,ID007,Indonesia,Energy saving through introduction of Regenerative Burners for aluminum holding furnaces of the automotive components manufacture in the Republic of Indonesia,Request for Registration withdrawn,,,PT. Yamaha Motor Parts Manufacturing Indonesia(YPMI),Toyotsu Machinery Corporation,"<a href=""/jc/methodologies/id-am009-ver1-0/"">ID_AM009 Ver1.0</a>",ID_AM009 Ver1.0,"<a href=""/jc/methodologies/id-am009-ver1-0/"">ID_AM009 Ver1.0</a>",ID_AM009 Ver1.0,https://www.jcm.go.jp/jc/methodologies/id-am009-ver1-0/,https://www.jcm.go.jp/jc/mn-projects/
JCM,ID006,Indonesia,"Installation of Inverter-type Air Conditioning System, LED Lighting and Separate Type Fridge Freezer Showcase to Grocery Stores in Republic of Indonesia",Project registered,03 Jun 16,2016-06-03,PT MIDI UTAMA INDONESIA Tbk,"Lawson, Inc.","<a href=""/jc/methodologies/id-am005-ver2-0/"">ID_AM005 Ver2.0</a><br>
<a href=""/jc/methodologies/id-am004-ver2-0/"">ID_AM004 Ver2.0</a><br>
<a href=""/jc/methodologies/id-am008-ver2-0/"">ID_AM008 Ver2.0</a>",ID_AM005 Ver2.0 ID_AM004 Ver2.0 ID_AM008 Ver2.0,"<a href=""/jc/methodologies/id-am005-ver2-0/"">ID_AM005 Ver2.0</a><br>
<a href=""/jc/methodologies/id-am004-ver2-0/"">ID_AM004 Ver2.0</a><br>
<a href=""/jc/methodologies/id-am008-ver2-0/"">ID_AM008 Ver2.0</a>",ID_AM005 Ver2.0 ID_AM004 Ver2.0 ID_AM008 Ver2.0,https://www.jcm.go.jp/jc/methodologies/id-am005-ver2-0/,https://www.jcm.go.jp/jc/mn-projects/
JCM,ID005,Indonesia,"Energy Saving for Air-Conditioning at Textile Factory by Introducing High-efficiency Centrifugal Chiller in Batang, Central Java (Phase 2)",Project registered,24 Mar 16,2016-03-24,PT. Primatexco Indonesia,"Nippon Koei Co., Ltd. (Focal Point), Ebara Refrigeration Equipment & Systems Co., Ltd.","<a href=""/jc/methodologies/id-am002-ver2-0/"">ID_AM002 Ver2.0</a>",ID_AM002 Ver2.0,"<a href=""/jc/methodologies/id-am002-ver2-0/"">ID_AM002 Ver2.0</a>",ID_AM002 Ver2.0,https://www.jcm.go.jp/jc/methodologies/id-am002-ver2-0/,https://www.jcm.go.jp/jc/mn-projects/
JCM,ID004,Indonesia,Energy Saving for Air-Conditioning at Textile Factory by Introducing High-efficiency Centrifugal Chiller in Karawang West Java,Project registered,24 Mar 16,2016-03-24,PT. Nikawa Textile Industry,"Nippon Koei Co., Ltd. (Focal Point), Ebara Refrigeration Equipment & Systems Co., Ltd.","<a href=""/jc/methodologies/id-am002-ver2-0/"">ID_AM002 Ver2.0</a>",ID_AM002 Ver2.0,"<a href=""/jc/methodologies/id-am002-ver2-0/"">ID_AM002 Ver2.0</a>",ID_AM002 Ver2.0,https://www.jcm.go.jp/jc/methodologies/id-am002-ver2-0/,https://www.jcm.go.jp/jc/mn-projects/
JCM,ID003,Indonesia,Project of Introducing High Efficiency Refrigerator to a Frozen Food Processing Plant in Indonesia,Project registered,29 Mar 15,2015-03-29,"PT. Adib Global Food Supplies, PT. Mayekawa Indonesia","MAYEKAWA MFG. CO., LTD.","<a href=""/jc/methodologies/id-am003-ver1-0/"">ID_AM003 Ver1.0</a>",ID_AM003 Ver1.0,"<a href=""/jc/methodologies/id-am003-ver1-0/"">ID_AM003 Ver1.0</a>",ID_AM003 Ver1.0,https://www.jcm.go.jp/jc/methodologies/id-am003-ver1-0/,https://www.jcm.go.jp/jc/mn-projects/
JCM,ID002,Indonesia,Project of Introducing High Efficiency Refrigerator to a Food Industry Cold Storage in Indonesia,Project registered,29 Mar 15,2015-03-29,"PT. Adib Global Food Supplies, PT. Mayekawa Indonesia","MAYEKAWA MFG. CO., LTD.","<a href=""/jc/methodologies/id-am003-ver1-0/"">ID_AM003 Ver1.0</a>",ID_AM003 Ver1.0,"<a href=""/jc/methodologies/id-am003-ver1-0/"">ID_AM003 Ver1.0</a>",ID_AM003 Ver1.0,https://www.jcm.go.jp/jc/methodologies/id-am003-ver1-0/,https://www.jcm.go.jp/jc/mn-projects/
JCM,ID001,Indonesia,Energy Saving for Air-Conditioning and Process Cooling by Introducing High-efficiency Centrifugal Chiller,Project registered,31 Oct 14,2014-10-31,PT. Primatexco Indonesia,"Nippon Koei Co., Ltd. (Focal Point), Ebara Refrigeration Equipment & Systems Co., Ltd.","<a href=""/jc/methodologies/id-am002-ver1-0/"">ID_AM002 Ver1.0</a>",ID_AM002 Ver1.0,"<a href=""/jc/methodologies/id-am002-ver1-0/"">ID_AM002 Ver1.0</a>",ID_AM002 Ver1.0,https://www.jcm.go.jp/jc/methodologies/id-am002-ver1-0/,https://www.jcm.go.jp/jc/mn-projects/
JCM,CR002,Costa Rica,Introduction of High Efficiency Centrifugal Chiller and Electric Heat Pump Type Water Heater in Hotel,Validation,,,MGM Sustainable Energy Limitada; Hotelera Bonanza S.A.,"NTT DATA INSTITUTE OF MANAGEMENT CONSULTING, Inc","<li>
<a href=""/jc/methodologies/cr-am002-ver1-0/"">CR_AM002 Ver1.0</a>
</li>
<li>
<a href=""/jc/methodologies/cr-am003-ver1-0/"">CR_AM003 Ver1.0</a>
</li>",CR_AM002 Ver1.0 CR_AM003 Ver1.0,"<li>
<a href=""/jc/methodologies/cr-am002-ver1-0/"">CR_AM002 Ver1.0</a>
</li>
<li>
<a href=""/jc/methodologies/cr-am003-ver1-0/"">CR_AM003 Ver1.0</a>
</li>",CR_AM002 Ver1.0 CR_AM003 Ver1.0,https://www.jcm.go.jp/jc/methodologies/cr-am002-ver1-0/,https://www.jcm.go.jp/jc/mn-projects/
JCM,CR001,Costa Rica,5MW Solar Power Project in Belen,Project registered,23 Feb 20,2020-02-23,Generacion Solar Fotovoltaica Belen Sociedad Anonima Coope Guanacaste,"NTT DATA INSTITUTE OF MANAGEMENT CONSULTING, Inc","<a href=""/jc/methodologies/cr-am001-ver1-0/"">CR_AM001 Ver1.0</a>",CR_AM001 Ver1.0,"<a href=""/jc/methodologies/cr-am001-ver1-0/"">CR_AM001 Ver1.0</a>",CR_AM001 Ver1.0,https://www.jcm.go.jp/jc/methodologies/cr-am001-ver1-0/,https://www.jcm.go.jp/jc/mn-projects/
JCM,CL008,Chile,3.4MW Rice Husk Power Generation Project in Maule,Validation,,,La Gloria S.A.,Asian Gateway Corporation,"<a href=""/jc/methodologies/cl-am003-ver1-0/"">CL_AM003 Ver1.0</a>",CL_AM003 Ver1.0,"<a href=""/jc/methodologies/cl-am003-ver1-0/"">CL_AM003 Ver1.0</a>",CL_AM003 Ver1.0,https://www.jcm.go.jp/jc/methodologies/cl-am003-ver1-0/,https://www.jcm.go.jp/jc/mn-projects/
JCM,CL007,Chile,"Energy Supply Project by 2.0MW Rooftop Solar Power System to Industrial Plastic Plant in Renca, Santiago Metropolitan Region",Validation,,,Solarity SpA,Asian Gateway Corporation,"<a href=""/jc/methodologies/cl-am001-ver2-0/"">CL_AM001 Ver2.0</a>",CL_AM001 Ver2.0,"<a href=""/jc/methodologies/cl-am001-ver2-0/"">CL_AM001 Ver2.0</a>",CL_AM001 Ver2.0,https://www.jcm.go.jp/jc/methodologies/cl-am001-ver2-0/,https://www.jcm.go.jp/jc/mn-projects/
JCM,CL006,Chile,3MW Solar Power Project Utilizing Farmland in Maule Region,Validation,,,Land and Sea SpA; Farmdo Energy Chile SpA,"FARMLAND Co., Ltd.; Farmdo Co., Ltd.","<a href=""/jc/methodologies/cl-am001-ver2-0/"">CL_AM001 Ver2.0</a>",CL_AM001 Ver2.0,"<a href=""/jc/methodologies/cl-am001-ver2-0/"">CL_AM001 Ver2.0</a>",CL_AM001 Ver2.0,https://www.jcm.go.jp/jc/methodologies/cl-am001-ver2-0/,https://www.jcm.go.jp/jc/mn-projects/
JCM,CL005,Chile,"9MW Solar Power Project in San Antonio, Valparaiso Region",Validation,,,Eurus Energy Chile SpA; Rimini Solar SpA,Eurus Energy Holdings Corporation,"<a href=""/jc/methodologies/cl-am001-ver2-0/"">CL_AM001 Ver2.0</a>",CL_AM001 Ver2.0,"<a href=""/jc/methodologies/cl-am001-ver2-0/"">CL_AM001 Ver2.0</a>",CL_AM001 Ver2.0,https://www.jcm.go.jp/jc/methodologies/cl-am001-ver2-0/,https://www.jcm.go.jp/jc/mn-projects/
JCM,CL004,Chile,"9MW Solar Power Project in Yungay, Biobio Region",Validation,,,Eurus Energy Chile SpA; Solar Ti Quince SpA,Eurus Energy Holdings Corporation,"<a href=""/jc/methodologies/cl-am001-ver2-0/"">CL_AM001 Ver2.0</a>",CL_AM001 Ver2.0,"<a href=""/jc/methodologies/cl-am001-ver2-0/"">CL_AM001 Ver2.0</a>",CL_AM001 Ver2.0,https://www.jcm.go.jp/jc/methodologies/cl-am001-ver2-0/,https://www.jcm.go.jp/jc/mn-projects/
JCM,CL003,Chile,3MW Solar Power Project Utilizing Farmland in Valparaiso Region,Project registered,17 Aug 24,2024-08-17,Land and Sea SpA; Farmdo Energy Chile SpA,"FARMLAND Co., Ltd.","<a href=""/jc/methodologies/cl-am001-ver2-0/"">CL_AM001 Ver2.0</a>",CL_AM001 Ver2.0,"<a href=""/jc/methodologies/cl-am001-ver2-0/"">CL_AM001 Ver2.0</a>",CL_AM001 Ver2.0,https://www.jcm.go.jp/jc/methodologies/cl-am001-ver2-0/,https://www.jcm.go.jp/jc/mn-projects/
JCM,CL002,Chile,"3MW Solar Power Project in Chillan, Nuble Region",Project registered,08 Aug 22,2022-08-08,Land and Sea SpA; Farmdo Energy Chile SpA,"FARMLAND Co., Ltd.","<a href=""/jc/methodologies/cl-am001-ver2-0/"">CL_AM001 Ver2.0</a>",CL_AM001 Ver2.0,"<a href=""/jc/methodologies/cl-am001-ver2-0/"">CL_AM001 Ver2.0</a>",CL_AM001 Ver2.0,https://www.jcm.go.jp/jc/methodologies/cl-am001-ver2-0/,https://www.jcm.go.jp/jc/mn-projects/
JCM,CL001,Chile,Introduction of 1MW Rooftop Solar Power Systems to University,Project registered,08 Oct 19,2019-10-08,MGM Innova Capital Chile SpA; Universidad TÃ©cnica Federico Santa MarÃ­a,"Waseda Environmental Institute; NTT DATA INSTITUTE OF MANAGEMENT CONSULTING,Inc.","<a href=""/jc/methodologies/cl-am001-ver1-0/"">CL_AM001 Ver1.0</a>",CL_AM001 Ver1.0,"<a href=""/jc/methodologies/cl-am001-ver1-0/"">CL_AM001 Ver1.0</a>",CL_AM001 Ver1.0,https://www.jcm.go.jp/jc/methodologies/cl-am001-ver1-0/,https://www.jcm.go.jp/jc/mn-projects/
JCM,BD004,Bangladesh,Introduction of PV-diesel Hybrid System at Fastening Manufacturing Plant,Project registered,04 Apr 19,2019-04-04,YKK Bangladesh Pte Ltd,YKK Corporation,"<a href=""/jc/methodologies/bd-am002-ver1-0/"">BD_AM002 Ver1.0</a>",BD_AM002 Ver1.0,"<a href=""/jc/methodologies/bd-am002-ver1-0/"">BD_AM002 Ver1.0</a>",BD_AM002 Ver1.0,https://www.jcm.go.jp/jc/methodologies/bd-am002-ver1-0/,https://www.jcm.go.jp/jc/mn-projects/
JCM,BD003,Bangladesh,Installation of High Efficiency Loom at Weaving Factory,Project registered,04 Apr 19,2019-04-04,Hamid Fabrics Limited,Toyota Tsusho Corporation,"<a href=""/jc/methodologies/bd-am003-ver1-0/"">BD_AM003 Ver1.0</a>",BD_AM003 Ver1.0,"<a href=""/jc/methodologies/bd-am003-ver1-0/"">BD_AM003 Ver1.0</a>",BD_AM003 Ver1.0,https://www.jcm.go.jp/jc/methodologies/bd-am003-ver1-0/,https://www.jcm.go.jp/jc/mn-projects/
JCM,BD002,Bangladesh,Installation of High Efficiency Centrifugal Chiller for Air Conditioning System in Clothing Tag Factory in Bangladesh,Project registered,10 Jan 18,2018-01-10,Next Accessories Ltd.,"Nippon Koei Co., Ltd. (Focal Point); Ebara Refrigeration Equipment & Systems Co., Ltd.","<a href=""/jc/methodologies/bd-am001-ver1-0/"">BD_AM001 Ver1.0</a>",BD_AM001 Ver1.0,"<a href=""/jc/methodologies/bd-am001-ver1-0/"">BD_AM001 Ver1.0</a>",BD_AM001 Ver1.0,https://www.jcm.go.jp/jc/methodologies/bd-am001-ver1-0/,https://www.jcm.go.jp/jc/mn-projects/
JCM,BD001,Bangladesh,Energy Saving for Air Conditioning & Facility Cooling by High Efficiency Chiller (Dhaka Suburbs),Validation,,,City Sugar Industries Limited (Focal Point (2) ),"Nippon Koei Co., Ltd. (Focal Point (1) ); Ebara Refrigeration Equipment & Systems Co., Ltd.","<a href=""/jc/methodologies/bd-am001-ver2-0/"">BD_AM001 Ver2.0</a>",BD_AM001 Ver2.0,"<a href=""/jc/methodologies/bd-am001-ver2-0/"">BD_AM001 Ver2.0</a>",BD_AM001 Ver2.0,https://www.jcm.go.jp/jc/methodologies/bd-am001-ver2-0/,https://www.jcm.go.jp/jc/mn-projects/
